history_id,application_id,stage,stage_date
1,1,Applied,2026-08-19
2,1,Screened,2026-08-19
3,1,Interviewed,2026-08-19
4,1,Offered,2026-08-19
5,1,Hired,2026-08-19
6,2,Applied,2026-08-19
7,2,Screened,2026-08-19
8,2,Dropped,2026-08-19
9,3,Applied,2026-08-19
10,3,Screened,2026-08-19
11,3,Dropped,2026-08-19
12,4,Applied,2026-08-19
13,4,Screened,2026-08-19
14,4,Dropped,2026-08-19
15,5,Applied,2026-08-19
16,5,Screened,2026-08-19
17,5,Interviewed,2026-08-19
18,5,Offered,2026-08-19
19,5,Hired,2026-08-19
20,6,Applied,2026-08-19
21,6,Screened,2026-08-19
22,6,Interviewed,2026-08-19
23,6,Offered,2026-08-19
24,6,Dropped,2026-08-19
25,7,Applied,2026-08-19
26,7,Screened,2026-08-19
27,7,Interviewed,2026-08-19
28,7,Offered,2026-08-19
29,7,Hired,2026-08-19
30,8,Applied,2026-08-19
31,8,Screened,2026-08-19
32,8,Dropped,2026-08-19
33,9,Applied,2026-08-19
34,9,Screened,2026-08-19
35,9,Interviewed,2026-08-19
36,9,Offered,2026-08-19
37,9,Hired,2026-08-19
38,10,Applied,2026-08-19
39,10,Screened,2026-08-19
40,10,Dropped,2026-08-19
41,11,Applied,2026-08-19
42,11,Screened,2026-08-19
43,11,Interviewed,2026-08-19
44,11,Offered,2026-08-19
45,11,Hired,2026-08-19
46,12,Applied,2026-08-19
47,12,Screened,2026-08-19
48,12,Dropped,2026-08-19
49,13,Applied,2026-08-19
50,13,Screened,2026-08-19
51,13,Dropped,2026-08-19
52,14,Applied,2026-08-19
53,14,Screened,2026-08-19
54,14,Dropped,2026-08-19
55,15,Applied,2026-08-19
56,15,Screened,2026-08-19
57,15,Interviewed,2026-08-19
58,15,Hired,2026-08-19
59,16,Applied,2026-08-19
60,16,Screened,2026-08-19
61,16,Dropped,2026-08-19
62,17,Applied,2026-08-19
63,17,Screened,2026-08-19
64,17,Dropped,2026-08-19
65,18,Applied,2026-08-19
66,18,Screened,2026-08-19
67,18,Dropped,2026-08-19
68,19,Applied,2026-08-19
69,19,Screened,2026-08-19
70,19,Dropped,2026-08-19
71,20,Applied,2026-08-19
72,20,Screened,2026-08-19
73,20,Dropped,2026-08-19
74,21,Applied,2026-08-19
75,21,Screened,2026-08-19
76,21,Dropped,2026-08-19
77,22,Applied,2026-08-19
78,22,Screened,2026-08-19
79,22,Interviewed,2026-08-19
80,22,Hired,2026-08-19
81,23,Applied,2026-08-19
82,23,Screened,2026-08-19
83,23,Dropped,2026-08-19
84,24,Applied,2026-08-19
85,24,Screened,2026-08-19
86,24,Interviewed,2026-08-19
87,24,Hired,2026-08-19
88,25,Applied,2026-08-19
89,25,Screened,2026-08-19
90,25,Dropped,2026-08-19
91,26,Applied,2026-08-19
92,26,Screened,2026-08-19
93,26,Dropped,2026-08-19
94,27,Applied,2026-08-19
95,27,Screened,2026-08-19
96,27,Dropped,2026-08-19
97,28,Applied,2026-08-19
98,28,Screened,2026-08-19
99,28,Interviewed,2026-08-19
100,28,Dropped,2026-08-19
101,29,Applied,2026-08-19
102,29,Screened,2026-08-19
103,29,Dropped,2026-08-19
104,30,Applied,2026-08-19
105,30,Screened,2026-08-19
106,30,Dropped,2026-08-19
107,31,Applied,2026-08-19
108,31,Screened,2026-08-19
109,31,Interviewed,2026-08-19
110,31,Dropped,2026-08-19
111,32,Applied,2026-08-19
112,32,Screened,2026-08-19
113,32,Dropped,2026-08-19
114,33,Applied,2026-08-19
115,33,Screened,2026-08-19
116,33,Dropped,2026-08-19
117,34,Applied,2026-08-19
118,34,Screened,2026-08-19
119,34,Interviewed,2026-08-19
120,34,Dropped,2026-08-19
121,35,Applied,2026-08-19
122,35,Screened,2026-08-19
123,35,Interviewed,2026-08-19
124,35,Hired,2026-08-19
125,36,Applied,2026-08-19
126,36,Screened,2026-08-19
127,36,Dropped,2026-08-19
128,37,Applied,2026-08-19
129,37,Screened,2026-08-19
130,37,Dropped,2026-08-19
131,38,Applied,2026-08-19
132,38,Screened,2026-08-19
133,38,Dropped,2026-08-19
134,39,Applied,2026-08-19
135,39,Screened,2026-08-19
136,39,Interviewed,2026-08-19
137,39,Hired,2026-08-19
138,40,Applied,2026-08-19
139,40,Screened,2026-08-19
140,40,Dropped,2026-08-19
141,41,Applied,2026-08-19
142,41,Screened,2026-08-19
143,41,Interviewed,2026-08-19
144,41,Offered,2026-08-19
145,41,Hired,2026-08-19
146,42,Applied,2026-08-19
147,42,Screened,2026-08-19
148,42,Interviewed,2026-08-19
149,42,Dropped,2026-08-19
150,43,Applied,2026-08-19
151,43,Screened,2026-08-19
152,43,Interviewed,2026-08-19
153,43,Dropped,2026-08-19
154,44,Applied,2026-08-19
155,44,Screened,2026-08-19
156,44,Interviewed,2026-08-19
157,44,Hired,2026-08-19
158,45,Applied,2026-08-19
159,45,Screened,2026-08-19
160,45,Interviewed,2026-08-19
161,45,Dropped,2026-08-19
162,46,Applied,2026-08-19
163,46,Screened,2026-08-19
164,46,Dropped,2026-08-19
165,47,Applied,2026-08-19
166,47,Screened,2026-08-19
167,47,Dropped,2026-08-19
168,48,Applied,2026-08-19
169,48,Screened,2026-08-19
170,48,Interviewed,2026-08-19
171,48,Offered,2026-08-19
172,48,Hired,2026-08-19
173,49,Applied,2026-08-19
174,49,Screened,2026-08-19
175,49,Dropped,2026-08-19
176,50,Applied,2026-08-19
177,50,Screened,2026-08-19
178,50,Interviewed,2026-08-19
179,50,Dropped,2026-08-19
180,51,Applied,2026-08-19
181,51,Screened,2026-08-19
182,51,Dropped,2026-08-19
183,52,Applied,2026-08-19
184,52,Screened,2026-08-19
185,52,Dropped,2026-08-19
186,53,Applied,2026-08-19
187,53,Screened,2026-08-19
188,53,Interviewed,2026-08-19
189,53,Offered,2026-08-19
190,53,Dropped,2026-08-19
191,54,Applied,2026-08-19
192,54,Screened,2026-08-19
193,54,Dropped,2026-08-19
194,55,Applied,2026-08-19
195,55,Screened,2026-08-19
196,55,Dropped,2026-08-19
197,56,Applied,2026-08-19
198,56,Screened,2026-08-19
199,56,Interviewed,2026-08-19
200,56,Offered,2026-08-19
201,56,Dropped,2026-08-19
202,57,Applied,2026-08-19
203,57,Screened,2026-08-19
204,57,Interviewed,2026-08-19
205,57,Offered,2026-08-19
206,57,Dropped,2026-08-19
207,58,Applied,2026-08-19
208,58,Screened,2026-08-19
209,58,Interviewed,2026-08-19
210,58,Offered,2026-08-19
211,58,Dropped,2026-08-19
212,59,Applied,2026-08-19
213,59,Screened,2026-08-19
214,59,Dropped,2026-08-19
215,60,Applied,2026-08-19
216,60,Screened,2026-08-19
217,60,Interviewed,2026-08-19
218,60,Dropped,2026-08-19
219,61,Applied,2026-08-19
220,61,Screened,2026-08-19
221,61,Dropped,2026-08-19
222,62,Applied,2026-08-19
223,62,Screened,2026-08-19
224,62,Interviewed,2026-08-19
225,62,Dropped,2026-08-19
226,63,Applied,2026-08-19
227,63,Screened,2026-08-19
228,63,Interviewed,2026-08-19
229,63,Dropped,2026-08-19
230,64,Applied,2026-08-19
231,64,Screened,2026-08-19
232,64,Dropped,2026-08-19
233,65,Applied,2026-08-19
234,65,Screened,2026-08-19
235,65,Dropped,2026-08-19
236,66,Applied,2026-08-19
237,66,Screened,2026-08-19
238,66,Dropped,2026-08-19
239,67,Applied,2026-08-19
240,67,Screened,2026-08-19
241,67,Dropped,2026-08-19
242,68,Applied,2026-08-19
243,68,Screened,2026-08-19
244,68,Interviewed,2026-08-19
245,68,Offered,2026-08-19
246,68,Dropped,2026-08-19
247,69,Applied,2026-08-19
248,69,Screened,2026-08-19
249,69,Dropped,2026-08-19
250,70,Applied,2026-08-19
251,70,Screened,2026-08-19
252,70,Interviewed,2026-08-19
253,70,Offered,2026-08-19
254,70,Hired,2026-08-19
255,71,Applied,2026-08-19
256,71,Screened,2026-08-19
257,71,Interviewed,2026-08-19
258,71,Dropped,2026-08-19
259,72,Applied,2026-08-19
260,72,Screened,2026-08-19
261,72,Dropped,2026-08-19
262,73,Applied,2026-08-19
263,73,Screened,2026-08-19
264,73,Interviewed,2026-08-19
265,73,Offered,2026-08-19
266,73,Hired,2026-08-19
267,74,Applied,2026-08-19
268,74,Screened,2026-08-19
269,74,Interviewed,2026-08-19
270,74,Dropped,2026-08-19
271,75,Applied,2026-08-19
272,75,Screened,2026-08-19
273,75,Interviewed,2026-08-19
274,75,Offered,2026-08-19
275,75,Hired,2026-08-19
276,76,Applied,2026-08-19
277,76,Screened,2026-08-19
278,76,Dropped,2026-08-19
279,77,Applied,2026-08-19
280,77,Screened,2026-08-19
281,77,Dropped,2026-08-19
282,78,Applied,2026-08-19
283,78,Screened,2026-08-19
284,78,Interviewed,2026-08-19
285,78,Offered,2026-08-19
286,78,Dropped,2026-08-19
287,79,Applied,2026-08-19
288,79,Screened,2026-08-19
289,79,Dropped,2026-08-19
290,80,Applied,2026-08-19
291,80,Screened,2026-08-19
292,80,Interviewed,2026-08-19
293,80,Offered,2026-08-19
294,80,Hired,2026-08-19
295,81,Applied,2026-08-19
296,81,Screened,2026-08-19
297,81,Dropped,2026-08-19
298,82,Applied,2026-08-19
299,82,Screened,2026-08-19
300,82,Dropped,2026-08-19
301,83,Applied,2026-08-19
302,83,Screened,2026-08-19
303,83,Dropped,2026-08-19
304,84,Applied,2026-08-19
305,84,Screened,2026-08-19
306,84,Interviewed,2026-08-19
307,84,Hired,2026-08-19
308,85,Applied,2026-08-19
309,85,Screened,2026-08-19
310,85,Dropped,2026-08-19
311,86,Applied,2026-08-19
312,86,Screened,2026-08-19
313,86,Dropped,2026-08-19
314,87,Applied,2026-08-19
315,87,Screened,2026-08-19
316,87,Dropped,2026-08-19
317,88,Applied,2026-08-19
318,88,Screened,2026-08-19
319,88,Interviewed,2026-08-19
320,88,Hired,2026-08-19
321,89,Applied,2026-08-19
322,89,Screened,2026-08-19
323,89,Interviewed,2026-08-19
324,89,Offered,2026-08-19
325,89,Dropped,2026-08-19
326,90,Applied,2026-08-19
327,90,Screened,2026-08-19
328,90,Dropped,2026-08-19
329,91,Applied,2026-08-19
330,91,Screened,2026-08-19
331,91,Dropped,2026-08-19
332,92,Applied,2026-08-19
333,92,Screened,2026-08-19
334,92,Interviewed,2026-08-19
335,92,Offered,2026-08-19
336,92,Dropped,2026-08-19
337,93,Applied,2026-08-19
338,93,Screened,2026-08-19
339,93,Interviewed,2026-08-19
340,93,Hired,2026-08-19
341,94,Applied,2026-08-19
342,94,Screened,2026-08-19
343,94,Interviewed,2026-08-19
344,94,Dropped,2026-08-19
345,95,Applied,2026-08-19
346,95,Screened,2026-08-19
347,95,Interviewed,2026-08-19
348,95,Offered,2026-08-19
349,95,Dropped,2026-08-19
350,96,Applied,2026-08-19
351,96,Screened,2026-08-19
352,96,Dropped,2026-08-19
353,97,Applied,2026-08-19
354,97,Screened,2026-08-19
355,97,Interviewed,2026-08-19
356,97,Hired,2026-08-19
357,98,Applied,2026-08-19
358,98,Screened,2026-08-19
359,98,Interviewed,2026-08-19
360,98,Dropped,2026-08-19
361,99,Applied,2026-08-19
362,99,Screened,2026-08-19
363,99,Interviewed,2026-08-19
364,99,Offered,2026-08-19
365,99,Hired,2026-08-19
366,100,Applied,2026-08-19
367,100,Screened,2026-08-19
368,100,Interviewed,2026-08-19
369,100,Dropped,2026-08-19
370,101,Applied,2026-08-19
371,101,Screened,2026-08-19
372,101,Interviewed,2026-08-19
373,101,Offered,2026-08-19
374,101,Hired,2026-08-19
375,102,Applied,2026-08-19
376,102,Screened,2026-08-19
377,102,Dropped,2026-08-19
378,103,Applied,2026-08-19
379,103,Screened,2026-08-19
380,103,Dropped,2026-08-19
381,104,Applied,2026-08-19
382,104,Screened,2026-08-19
383,104,Interviewed,2026-08-19
384,104,Hired,2026-08-19
385,105,Applied,2026-08-19
386,105,Screened,2026-08-19
387,105,Interviewed,2026-08-19
388,105,Hired,2026-08-19
389,106,Applied,2026-08-19
390,106,Screened,2026-08-19
391,106,Dropped,2026-08-19
392,107,Applied,2026-08-19
393,107,Screened,2026-08-19
394,107,Dropped,2026-08-19
395,108,Applied,2026-08-19
396,108,Screened,2026-08-19
397,108,Dropped,2026-08-19
398,109,Applied,2026-08-19
399,109,Screened,2026-08-19
400,109,Dropped,2026-08-19
401,110,Applied,2026-08-19
402,110,Screened,2026-08-19
403,110,Interviewed,2026-08-19
404,110,Offered,2026-08-19
405,110,Dropped,2026-08-19
406,111,Applied,2026-08-19
407,111,Screened,2026-08-19
408,111,Interviewed,2026-08-19
409,111,Hired,2026-08-19
410,112,Applied,2026-08-19
411,112,Screened,2026-08-19
412,112,Dropped,2026-08-19
413,113,Applied,2026-08-19
414,113,Screened,2026-08-19
415,113,Interviewed,2026-08-19
416,113,Offered,2026-08-19
417,113,Dropped,2026-08-19
418,114,Applied,2026-08-19
419,114,Screened,2026-08-19
420,114,Dropped,2026-08-19
421,115,Applied,2026-08-19
422,115,Screened,2026-08-19
423,115,Interviewed,2026-08-19
424,115,Dropped,2026-08-19
425,116,Applied,2026-08-19
426,116,Screened,2026-08-19
427,116,Interviewed,2026-08-19
428,116,Offered,2026-08-19
429,116,Dropped,2026-08-19
430,117,Applied,2026-08-19
431,117,Screened,2026-08-19
432,117,Dropped,2026-08-19
433,118,Applied,2026-08-19
434,118,Screened,2026-08-19
435,118,Dropped,2026-08-19
436,119,Applied,2026-08-19
437,119,Screened,2026-08-19
438,119,Dropped,2026-08-19
439,120,Applied,2026-08-19
440,120,Screened,2026-08-19
441,120,Interviewed,2026-08-19
442,120,Hired,2026-08-19
443,121,Applied,2026-08-19
444,121,Screened,2026-08-19
445,121,Dropped,2026-08-19
446,122,Applied,2026-08-19
447,122,Screened,2026-08-19
448,122,Dropped,2026-08-19
449,123,Applied,2026-08-19
450,123,Screened,2026-08-19
451,123,Dropped,2026-08-19
452,124,Applied,2026-08-19
453,124,Screened,2026-08-19
454,124,Interviewed,2026-08-19
455,124,Hired,2026-08-19
456,125,Applied,2026-08-19
457,125,Screened,2026-08-19
458,125,Dropped,2026-08-19
459,126,Applied,2026-08-19
460,126,Screened,2026-08-19
461,126,Dropped,2026-08-19
462,127,Applied,2026-08-19
463,127,Screened,2026-08-19
464,127,Dropped,2026-08-19
465,128,Applied,2026-08-19
466,128,Screened,2026-08-19
467,128,Dropped,2026-08-19
468,129,Applied,2026-08-19
469,129,Screened,2026-08-19
470,129,Dropped,2026-08-19
471,130,Applied,2026-08-19
472,130,Screened,2026-08-19
473,130,Interviewed,2026-08-19
474,130,Dropped,2026-08-19
475,131,Applied,2026-08-19
476,131,Screened,2026-08-19
477,131,Interviewed,2026-08-19
478,131,Dropped,2026-08-19
479,132,Applied,2026-08-19
480,132,Screened,2026-08-19
481,132,Dropped,2026-08-19
482,133,Applied,2026-08-19
483,133,Screened,2026-08-19
484,133,Interviewed,2026-08-19
485,133,Hired,2026-08-19
486,134,Applied,2026-08-19
487,134,Screened,2026-08-19
488,134,Interviewed,2026-08-19
489,134,Hired,2026-08-19
490,135,Applied,2026-08-19
491,135,Screened,2026-08-19
492,135,Dropped,2026-08-19
493,136,Applied,2026-08-19
494,136,Screened,2026-08-19
495,136,Interviewed,2026-08-19
496,136,Dropped,2026-08-19
497,137,Applied,2026-08-19
498,137,Screened,2026-08-19
499,137,Interviewed,2026-08-19
500,137,Hired,2026-08-19
501,138,Applied,2026-08-19
502,138,Screened,2026-08-19
503,138,Interviewed,2026-08-19
504,138,Offered,2026-08-19
505,138,Dropped,2026-08-19
506,139,Applied,2026-08-19
507,139,Screened,2026-08-19
508,139,Interviewed,2026-08-19
509,139,Hired,2026-08-19
510,140,Applied,2026-08-19
511,140,Screened,2026-08-19
512,140,Interviewed,2026-08-19
513,140,Offered,2026-08-19
514,140,Dropped,2026-08-19
515,141,Applied,2026-08-19
516,141,Screened,2026-08-19
517,141,Interviewed,2026-08-19
518,141,Hired,2026-08-19
519,142,Applied,2026-08-19
520,142,Screened,2026-08-19
521,142,Dropped,2026-08-19
522,143,Applied,2026-08-19
523,143,Screened,2026-08-19
524,143,Dropped,2026-08-19
525,144,Applied,2026-08-19
526,144,Screened,2026-08-19
527,144,Interviewed,2026-08-19
528,144,Dropped,2026-08-19
529,145,Applied,2026-08-19
530,145,Screened,2026-08-19
531,145,Interviewed,2026-08-19
532,145,Offered,2026-08-19
533,145,Dropped,2026-08-19
534,146,Applied,2026-08-19
535,146,Screened,2026-08-19
536,146,Dropped,2026-08-19
537,147,Applied,2026-08-19
538,147,Screened,2026-08-19
539,147,Dropped,2026-08-19
540,148,Applied,2026-08-19
541,148,Screened,2026-08-19
542,148,Interviewed,2026-08-19
543,148,Offered,2026-08-19
544,148,Dropped,2026-08-19
545,149,Applied,2026-08-19
546,149,Screened,2026-08-19
547,149,Interviewed,2026-08-19
548,149,Dropped,2026-08-19
549,150,Applied,2026-08-19
550,150,Screened,2026-08-19
551,150,Dropped,2026-08-19
552,151,Applied,2026-08-19
553,151,Screened,2026-08-19
554,151,Dropped,2026-08-19
555,152,Applied,2026-08-19
556,152,Screened,2026-08-19
557,152,Interviewed,2026-08-19
558,152,Hired,2026-08-19
559,153,Applied,2026-08-19
560,153,Screened,2026-08-19
561,153,Dropped,2026-08-19
562,154,Applied,2026-08-19
563,154,Screened,2026-08-19
564,154,Interviewed,2026-08-19
565,154,Offered,2026-08-19
566,154,Dropped,2026-08-19
567,155,Applied,2026-08-19
568,155,Screened,2026-08-19
569,155,Interviewed,2026-08-19
570,155,Dropped,2026-08-19
571,156,Applied,2026-08-19
572,156,Screened,2026-08-19
573,156,Dropped,2026-08-19
574,157,Applied,2026-08-19
575,157,Screened,2026-08-19
576,157,Interviewed,2026-08-19
577,157,Offered,2026-08-19
578,157,Hired,2026-08-19
579,158,Applied,2026-08-19
580,158,Screened,2026-08-19
581,158,Dropped,2026-08-19
582,159,Applied,2026-08-19
583,159,Screened,2026-08-19
584,159,Interviewed,2026-08-19
585,159,Offered,2026-08-19
586,159,Hired,2026-08-19
587,160,Applied,2026-08-19
588,160,Screened,2026-08-19
589,160,Dropped,2026-08-19
590,161,Applied,2026-08-19
591,161,Screened,2026-08-19
592,161,Interviewed,2026-08-19
593,161,Dropped,2026-08-19
594,162,Applied,2026-08-19
595,162,Screened,2026-08-19
596,162,Dropped,2026-08-19
597,163,Applied,2026-08-19
598,163,Screened,2026-08-19
599,163,Interviewed,2026-08-19
600,163,Offered,2026-08-19
601,163,Hired,2026-08-19
602,164,Applied,2026-08-19
603,164,Screened,2026-08-19
604,164,Interviewed,2026-08-19
605,164,Dropped,2026-08-19
606,165,Applied,2026-08-19
607,165,Screened,2026-08-19
608,165,Dropped,2026-08-19
609,166,Applied,2026-08-19
610,166,Screened,2026-08-19
611,166,Interviewed,2026-08-19
612,166,Offered,2026-08-19
613,166,Hired,2026-08-19
614,167,Applied,2026-08-19
615,167,Screened,2026-08-19
616,167,Interviewed,2026-08-19
617,167,Dropped,2026-08-19
618,168,Applied,2026-08-19
619,168,Screened,2026-08-19
620,168,Dropped,2026-08-19
621,169,Applied,2026-08-19
622,169,Screened,2026-08-19
623,169,Interviewed,2026-08-19
624,169,Hired,2026-08-19
625,170,Applied,2026-08-19
626,170,Screened,2026-08-19
627,170,Dropped,2026-08-19
628,171,Applied,2026-08-19
629,171,Screened,2026-08-19
630,171,Dropped,2026-08-19
631,172,Applied,2026-08-19
632,172,Screened,2026-08-19
633,172,Dropped,2026-08-19
634,173,Applied,2026-08-19
635,173,Screened,2026-08-19
636,173,Dropped,2026-08-19
637,174,Applied,2026-08-19
638,174,Screened,2026-08-19
639,174,Interviewed,2026-08-19
640,174,Dropped,2026-08-19
641,175,Applied,2026-08-19
642,175,Screened,2026-08-19
643,175,Dropped,2026-08-19
644,176,Applied,2026-08-19
645,176,Screened,2026-08-19
646,176,Dropped,2026-08-19
647,177,Applied,2026-08-19
648,177,Screened,2026-08-19
649,177,Dropped,2026-08-19
650,178,Applied,2026-08-19
651,178,Screened,2026-08-19
652,178,Interviewed,2026-08-19
653,178,Dropped,2026-08-19
654,179,Applied,2026-08-19
655,179,Screened,2026-08-19
656,179,Interviewed,2026-08-19
657,179,Hired,2026-08-19
658,180,Applied,2026-08-19
659,180,Screened,2026-08-19
660,180,Interviewed,2026-08-19
661,180,Offered,2026-08-19
662,180,Hired,2026-08-19
663,181,Applied,2026-08-19
664,181,Screened,2026-08-19
665,181,Dropped,2026-08-19
666,182,Applied,2026-08-19
667,182,Screened,2026-08-19
668,182,Interviewed,2026-08-19
669,182,Offered,2026-08-19
670,182,Dropped,2026-08-19
671,183,Applied,2026-08-19
672,183,Screened,2026-08-19
673,183,Dropped,2026-08-19
674,184,Applied,2026-08-19
675,184,Screened,2026-08-19
676,184,Dropped,2026-08-19
677,185,Applied,2026-08-19
678,185,Screened,2026-08-19
679,185,Dropped,2026-08-19
680,186,Applied,2026-08-19
681,186,Screened,2026-08-19
682,186,Dropped,2026-08-19
683,187,Applied,2026-08-19
684,187,Screened,2026-08-19
685,187,Dropped,2026-08-19
686,188,Applied,2026-08-19
687,188,Screened,2026-08-19
688,188,Dropped,2026-08-19
689,189,Applied,2026-08-19
690,189,Screened,2026-08-19
691,189,Interviewed,2026-08-19
692,189,Offered,2026-08-19
693,189,Hired,2026-08-19
694,190,Applied,2026-08-19
695,190,Screened,2026-08-19
696,190,Interviewed,2026-08-19
697,190,Dropped,2026-08-19
698,191,Applied,2026-08-19
699,191,Screened,2026-08-19
700,191,Interviewed,2026-08-19
701,191,Dropped,2026-08-19
702,192,Applied,2026-08-19
703,192,Screened,2026-08-19
704,192,Dropped,2026-08-19
705,193,Applied,2026-08-19
706,193,Screened,2026-08-19
707,193,Dropped,2026-08-19
708,194,Applied,2026-08-19
709,194,Screened,2026-08-19
710,194,Interviewed,2026-08-19
711,194,Dropped,2026-08-19
712,195,Applied,2026-08-19
713,195,Screened,2026-08-19
714,195,Dropped,2026-08-19
715,196,Applied,2026-08-19
716,196,Screened,2026-08-19
717,196,Dropped,2026-08-19
718,197,Applied,2026-08-19
719,197,Screened,2026-08-19
720,197,Interviewed,2026-08-19
721,197,Dropped,2026-08-19
722,198,Applied,2026-08-19
723,198,Screened,2026-08-19
724,198,Dropped,2026-08-19
725,199,Applied,2026-08-19
726,199,Screened,2026-08-19
727,199,Interviewed,2026-08-19
728,199,Offered,2026-08-19
729,199,Hired,2026-08-19
730,200,Applied,2026-08-19
731,200,Screened,2026-08-19
732,200,Interviewed,2026-08-19
733,200,Dropped,2026-08-19
734,201,Applied,2026-08-19
735,201,Screened,2026-08-19
736,201,Interviewed,2026-08-19
737,201,Offered,2026-08-19
738,201,Hired,2026-08-19
739,202,Applied,2026-08-19
740,202,Screened,2026-08-19
741,202,Dropped,2026-08-19
742,203,Applied,2026-08-19
743,203,Screened,2026-08-19
744,203,Interviewed,2026-08-19
745,203,Hired,2026-08-19
746,204,Applied,2026-08-19
747,204,Screened,2026-08-19
748,204,Interviewed,2026-08-19
749,204,Hired,2026-08-19
750,205,Applied,2026-08-19
751,205,Screened,2026-08-19
752,205,Interviewed,2026-08-19
753,205,Hired,2026-08-19
754,206,Applied,2026-08-19
755,206,Screened,2026-08-19
756,206,Dropped,2026-08-19
757,207,Applied,2026-08-19
758,207,Screened,2026-08-19
759,207,Dropped,2026-08-19
760,208,Applied,2026-08-19
761,208,Screened,2026-08-19
762,208,Dropped,2026-08-19
763,209,Applied,2026-08-19
764,209,Screened,2026-08-19
765,209,Interviewed,2026-08-19
766,209,Offered,2026-08-19
767,209,Hired,2026-08-19
768,210,Applied,2026-08-19
769,210,Screened,2026-08-19
770,210,Dropped,2026-08-19
771,211,Applied,2026-08-19
772,211,Screened,2026-08-19
773,211,Dropped,2026-08-19
774,212,Applied,2026-08-19
775,212,Screened,2026-08-19
776,212,Dropped,2026-08-19
777,213,Applied,2026-08-19
778,213,Screened,2026-08-19
779,213,Interviewed,2026-08-19
780,213,Dropped,2026-08-19
781,214,Applied,2026-08-19
782,214,Screened,2026-08-19
783,214,Interviewed,2026-08-19
784,214,Offered,2026-08-19
785,214,Hired,2026-08-19
786,215,Applied,2026-08-19
787,215,Screened,2026-08-19
788,215,Dropped,2026-08-19
789,216,Applied,2026-08-19
790,216,Screened,2026-08-19
791,216,Dropped,2026-08-19
792,217,Applied,2026-08-19
793,217,Screened,2026-08-19
794,217,Dropped,2026-08-19
795,218,Applied,2026-08-19
796,218,Screened,2026-08-19
797,218,Dropped,2026-08-19
798,219,Applied,2026-08-19
799,219,Screened,2026-08-19
800,219,Interviewed,2026-08-19
801,219,Offered,2026-08-19
802,219,Dropped,2026-08-19
803,220,Applied,2026-08-19
804,220,Screened,2026-08-19
805,220,Interviewed,2026-08-19
806,220,Offered,2026-08-19
807,220,Hired,2026-08-19
808,221,Applied,2026-08-19
809,221,Screened,2026-08-19
810,221,Dropped,2026-08-19
811,222,Applied,2026-08-19
812,222,Screened,2026-08-19
813,222,Dropped,2026-08-19
814,223,Applied,2026-08-19
815,223,Screened,2026-08-19
816,223,Interviewed,2026-08-19
817,223,Hired,2026-08-19
818,224,Applied,2026-08-19
819,224,Screened,2026-08-19
820,224,Interviewed,2026-08-19
821,224,Dropped,2026-08-19
822,225,Applied,2026-08-19
823,225,Screened,2026-08-19
824,225,Dropped,2026-08-19
825,226,Applied,2026-08-19
826,226,Screened,2026-08-19
827,226,Interviewed,2026-08-19
828,226,Dropped,2026-08-19
829,227,Applied,2026-08-19
830,227,Screened,2026-08-19
831,227,Dropped,2026-08-19
832,228,Applied,2026-08-19
833,228,Screened,2026-08-19
834,228,Dropped,2026-08-19
835,229,Applied,2026-08-19
836,229,Screened,2026-08-19
837,229,Dropped,2026-08-19
838,230,Applied,2026-08-19
839,230,Screened,2026-08-19
840,230,Dropped,2026-08-19
841,231,Applied,2026-08-19
842,231,Screened,2026-08-19
843,231,Interviewed,2026-08-19
844,231,Offered,2026-08-19
845,231,Hired,2026-08-19
846,232,Applied,2026-08-19
847,232,Screened,2026-08-19
848,232,Dropped,2026-08-19
849,233,Applied,2026-08-19
850,233,Screened,2026-08-19
851,233,Interviewed,2026-08-19
852,233,Dropped,2026-08-19
853,234,Applied,2026-08-19
854,234,Screened,2026-08-19
855,234,Interviewed,2026-08-19
856,234,Hired,2026-08-19
857,235,Applied,2026-08-19
858,235,Screened,2026-08-19
859,235,Interviewed,2026-08-19
860,235,Offered,2026-08-19
861,235,Dropped,2026-08-19
862,236,Applied,2026-08-19
863,236,Screened,2026-08-19
864,236,Dropped,2026-08-19
865,237,Applied,2026-08-19
866,237,Screened,2026-08-19
867,237,Interviewed,2026-08-19
868,237,Dropped,2026-08-19
869,238,Applied,2026-08-19
870,238,Screened,2026-08-19
871,238,Interviewed,2026-08-19
872,238,Offered,2026-08-19
873,238,Hired,2026-08-19
874,239,Applied,2026-08-19
875,239,Screened,2026-08-19
876,239,Interviewed,2026-08-19
877,239,Hired,2026-08-19
878,240,Applied,2026-08-19
879,240,Screened,2026-08-19
880,240,Dropped,2026-08-19
881,241,Applied,2026-08-19
882,241,Screened,2026-08-19
883,241,Dropped,2026-08-19
884,242,Applied,2026-08-19
885,242,Screened,2026-08-19
886,242,Dropped,2026-08-19
887,243,Applied,2026-08-19
888,243,Screened,2026-08-19
889,243,Dropped,2026-08-19
890,244,Applied,2026-08-19
891,244,Screened,2026-08-19
892,244,Interviewed,2026-08-19
893,244,Dropped,2026-08-19
894,245,Applied,2026-08-19
895,245,Screened,2026-08-19
896,245,Interviewed,2026-08-19
897,245,Dropped,2026-08-19
898,246,Applied,2026-08-19
899,246,Screened,2026-08-19
900,246,Interviewed,2026-08-19
901,246,Offered,2026-08-19
902,246,Dropped,2026-08-19
903,247,Applied,2026-08-19
904,247,Screened,2026-08-19
905,247,Dropped,2026-08-19
906,248,Applied,2026-08-19
907,248,Screened,2026-08-19
908,248,Interviewed,2026-08-19
909,248,Offered,2026-08-19
910,248,Hired,2026-08-19
911,249,Applied,2026-08-19
912,249,Screened,2026-08-19
913,249,Interviewed,2026-08-19
914,249,Offered,2026-08-19
915,249,Hired,2026-08-19
916,250,Applied,2026-08-19
917,250,Screened,2026-08-19
918,250,Dropped,2026-08-19
919,251,Applied,2026-08-19
920,251,Screened,2026-08-19
921,251,Dropped,2026-08-19
922,252,Applied,2026-08-19
923,252,Screened,2026-08-19
924,252,Dropped,2026-08-19
925,253,Applied,2026-08-19
926,253,Screened,2026-08-19
927,253,Interviewed,2026-08-19
928,253,Hired,2026-08-19
929,254,Applied,2026-08-19
930,254,Screened,2026-08-19
931,254,Dropped,2026-08-19
932,255,Applied,2026-08-19
933,255,Screened,2026-08-19
934,255,Dropped,2026-08-19
935,256,Applied,2026-08-19
936,256,Screened,2026-08-19
937,256,Dropped,2026-08-19
938,257,Applied,2026-08-19
939,257,Screened,2026-08-19
940,257,Dropped,2026-08-19
941,258,Applied,2026-08-19
942,258,Screened,2026-08-19
943,258,Interviewed,2026-08-19
944,258,Dropped,2026-08-19
945,259,Applied,2026-08-19
946,259,Screened,2026-08-19
947,259,Interviewed,2026-08-19
948,259,Dropped,2026-08-19
949,260,Applied,2026-08-19
950,260,Screened,2026-08-19
951,260,Interviewed,2026-08-19
952,260,Dropped,2026-08-19
953,261,Applied,2026-08-19
954,261,Screened,2026-08-19
955,261,Interviewed,2026-08-19
956,261,Offered,2026-08-19
957,261,Hired,2026-08-19
958,262,Applied,2026-08-19
959,262,Screened,2026-08-19
960,262,Dropped,2026-08-19
961,263,Applied,2026-08-19
962,263,Screened,2026-08-19
963,263,Interviewed,2026-08-19
964,263,Hired,2026-08-19
965,264,Applied,2026-08-19
966,264,Screened,2026-08-19
967,264,Interviewed,2026-08-19
968,264,Hired,2026-08-19
969,265,Applied,2026-08-19
970,265,Screened,2026-08-19
971,265,Interviewed,2026-08-19
972,265,Hired,2026-08-19
973,266,Applied,2026-08-19
974,266,Screened,2026-08-19
975,266,Dropped,2026-08-19
976,267,Applied,2026-08-19
977,267,Screened,2026-08-19
978,267,Interviewed,2026-08-19
979,267,Dropped,2026-08-19
980,268,Applied,2026-08-19
981,268,Screened,2026-08-19
982,268,Interviewed,2026-08-19
983,268,Offered,2026-08-19
984,268,Dropped,2026-08-19
985,269,Applied,2026-08-19
986,269,Screened,2026-08-19
987,269,Dropped,2026-08-19
988,270,Applied,2026-08-19
989,270,Screened,2026-08-19
990,270,Interviewed,2026-08-19
991,270,Offered,2026-08-19
992,270,Hired,2026-08-19
993,271,Applied,2026-08-19
994,271,Screened,2026-08-19
995,271,Dropped,2026-08-19
996,272,Applied,2026-08-19
997,272,Screened,2026-08-19
998,272,Dropped,2026-08-19
999,273,Applied,2026-08-19
1000,273,Screened,2026-08-19
1001,273,Dropped,2026-08-19
1002,274,Applied,2026-08-19
1003,274,Screened,2026-08-19
1004,274,Interviewed,2026-08-19
1005,274,Hired,2026-08-19
1006,275,Applied,2026-08-19
1007,275,Screened,2026-08-19
1008,275,Interviewed,2026-08-19
1009,275,Offered,2026-08-19
1010,275,Hired,2026-08-19
1011,276,Applied,2026-08-19
1012,276,Screened,2026-08-19
1013,276,Interviewed,2026-08-19
1014,276,Hired,2026-08-19
1015,277,Applied,2026-08-19
1016,277,Screened,2026-08-19
1017,277,Interviewed,2026-08-19
1018,277,Offered,2026-08-19
1019,277,Dropped,2026-08-19
1020,278,Applied,2026-08-19
1021,278,Screened,2026-08-19
1022,278,Dropped,2026-08-19
1023,279,Applied,2026-08-19
1024,279,Screened,2026-08-19
1025,279,Interviewed,2026-08-19
1026,279,Offered,2026-08-19
1027,279,Hired,2026-08-19
1028,280,Applied,2026-08-19
1029,280,Screened,2026-08-19
1030,280,Dropped,2026-08-19
1031,281,Applied,2026-08-19
1032,281,Screened,2026-08-19
1033,281,Dropped,2026-08-19
1034,282,Applied,2026-08-19
1035,282,Screened,2026-08-19
1036,282,Dropped,2026-08-19
1037,283,Applied,2026-08-19
1038,283,Screened,2026-08-19
1039,283,Dropped,2026-08-19
1040,284,Applied,2026-08-19
1041,284,Screened,2026-08-19
1042,284,Interviewed,2026-08-19
1043,284,Offered,2026-08-19
1044,284,Dropped,2026-08-19
1045,285,Applied,2026-08-19
1046,285,Screened,2026-08-19
1047,285,Dropped,2026-08-19
1048,286,Applied,2026-08-19
1049,286,Screened,2026-08-19
1050,286,Dropped,2026-08-19
1051,287,Applied,2026-08-19
1052,287,Screened,2026-08-19
1053,287,Interviewed,2026-08-19
1054,287,Dropped,2026-08-19
1055,288,Applied,2026-08-19
1056,288,Screened,2026-08-19
1057,288,Dropped,2026-08-19
1058,289,Applied,2026-08-19
1059,289,Screened,2026-08-19
1060,289,Dropped,2026-08-19
1061,290,Applied,2026-08-19
1062,290,Screened,2026-08-19
1063,290,Dropped,2026-08-19
1064,291,Applied,2026-08-19
1065,291,Screened,2026-08-19
1066,291,Interviewed,2026-08-19
1067,291,Hired,2026-08-19
1068,292,Applied,2026-08-19
1069,292,Screened,2026-08-19
1070,292,Interviewed,2026-08-19
1071,292,Hired,2026-08-19
1072,293,Applied,2026-08-19
1073,293,Screened,2026-08-19
1074,293,Dropped,2026-08-19
1075,294,Applied,2026-08-19
1076,294,Screened,2026-08-19
1077,294,Interviewed,2026-08-19
1078,294,Hired,2026-08-19
1079,295,Applied,2026-08-19
1080,295,Screened,2026-08-19
1081,295,Interviewed,2026-08-19
1082,295,Offered,2026-08-19
1083,295,Dropped,2026-08-19
1084,296,Applied,2026-08-19
1085,296,Screened,2026-08-19
1086,296,Dropped,2026-08-19
1087,297,Applied,2026-08-19
1088,297,Screened,2026-08-19
1089,297,Interviewed,2026-08-19
1090,297,Dropped,2026-08-19
1091,298,Applied,2026-08-19
1092,298,Screened,2026-08-19
1093,298,Dropped,2026-08-19
1094,299,Applied,2026-08-19
1095,299,Screened,2026-08-19
1096,299,Dropped,2026-08-19
1097,300,Applied,2026-08-19
1098,300,Screened,2026-08-19
1099,300,Interviewed,2026-08-19
1100,300,Dropped,2026-08-19
1101,301,Applied,2026-08-19
1102,301,Screened,2026-08-19
1103,301,Dropped,2026-08-19
1104,302,Applied,2026-08-19
1105,302,Screened,2026-08-19
1106,302,Interviewed,2026-08-19
1107,302,Dropped,2026-08-19
1108,303,Applied,2026-08-19
1109,303,Screened,2026-08-19
1110,303,Dropped,2026-08-19
1111,304,Applied,2026-08-19
1112,304,Screened,2026-08-19
1113,304,Dropped,2026-08-19
1114,305,Applied,2026-08-19
1115,305,Screened,2026-08-19
1116,305,Interviewed,2026-08-19
1117,305,Offered,2026-08-19
1118,305,Dropped,2026-08-19
1119,306,Applied,2026-08-19
1120,306,Screened,2026-08-19
1121,306,Dropped,2026-08-19
1122,307,Applied,2026-08-19
1123,307,Screened,2026-08-19
1124,307,Dropped,2026-08-19
1125,308,Applied,2026-08-19
1126,308,Screened,2026-08-19
1127,308,Dropped,2026-08-19
1128,309,Applied,2026-08-19
1129,309,Screened,2026-08-19
1130,309,Dropped,2026-08-19
1131,310,Applied,2026-08-19
1132,310,Screened,2026-08-19
1133,310,Dropped,2026-08-19
1134,311,Applied,2026-08-19
1135,311,Screened,2026-08-19
1136,311,Dropped,2026-08-19
1137,312,Applied,2026-08-19
1138,312,Screened,2026-08-19
1139,312,Dropped,2026-08-19
1140,313,Applied,2026-08-19
1141,313,Screened,2026-08-19
1142,313,Interviewed,2026-08-19
1143,313,Dropped,2026-08-19
1144,314,Applied,2026-08-19
1145,314,Screened,2026-08-19
1146,314,Dropped,2026-08-19
1147,315,Applied,2026-08-19
1148,315,Screened,2026-08-19
1149,315,Dropped,2026-08-19
1150,316,Applied,2026-08-19
1151,316,Screened,2026-08-19
1152,316,Interviewed,2026-08-19
1153,316,Dropped,2026-08-19
1154,317,Applied,2026-08-19
1155,317,Screened,2026-08-19
1156,317,Dropped,2026-08-19
1157,318,Applied,2026-08-19
1158,318,Screened,2026-08-19
1159,318,Dropped,2026-08-19
1160,319,Applied,2026-08-19
1161,319,Screened,2026-08-19
1162,319,Interviewed,2026-08-19
1163,319,Offered,2026-08-19
1164,319,Hired,2026-08-19
1165,320,Applied,2026-08-19
1166,320,Screened,2026-08-19
1167,320,Dropped,2026-08-19
1168,321,Applied,2026-08-19
1169,321,Screened,2026-08-19
1170,321,Dropped,2026-08-19
1171,322,Applied,2026-08-19
1172,322,Screened,2026-08-19
1173,322,Dropped,2026-08-19
1174,323,Applied,2026-08-19
1175,323,Screened,2026-08-19
1176,323,Interviewed,2026-08-19
1177,323,Hired,2026-08-19
1178,324,Applied,2026-08-19
1179,324,Screened,2026-08-19
1180,324,Interviewed,2026-08-19
1181,324,Dropped,2026-08-19
1182,325,Applied,2026-08-19
1183,325,Screened,2026-08-19
1184,325,Interviewed,2026-08-19
1185,325,Hired,2026-08-19
1186,326,Applied,2026-08-19
1187,326,Screened,2026-08-19
1188,326,Dropped,2026-08-19
1189,327,Applied,2026-08-19
1190,327,Screened,2026-08-19
1191,327,Interviewed,2026-08-19
1192,327,Hired,2026-08-19
1193,328,Applied,2026-08-19
1194,328,Screened,2026-08-19
1195,328,Dropped,2026-08-19
1196,329,Applied,2026-08-19
1197,329,Screened,2026-08-19
1198,329,Dropped,2026-08-19
1199,330,Applied,2026-08-19
1200,330,Screened,2026-08-19
1201,330,Interviewed,2026-08-19
1202,330,Dropped,2026-08-19
1203,331,Applied,2026-08-19
1204,331,Screened,2026-08-19
1205,331,Interviewed,2026-08-19
1206,331,Hired,2026-08-19
1207,332,Applied,2026-08-19
1208,332,Screened,2026-08-19
1209,332,Dropped,2026-08-19
1210,333,Applied,2026-08-19
1211,333,Screened,2026-08-19
1212,333,Dropped,2026-08-19
1213,334,Applied,2026-08-19
1214,334,Screened,2026-08-19
1215,334,Dropped,2026-08-19
1216,335,Applied,2026-08-19
1217,335,Screened,2026-08-19
1218,335,Interviewed,2026-08-19
1219,335,Hired,2026-08-19
1220,336,Applied,2026-08-19
1221,336,Screened,2026-08-19
1222,336,Interviewed,2026-08-19
1223,336,Dropped,2026-08-19
1224,337,Applied,2026-08-19
1225,337,Screened,2026-08-19
1226,337,Dropped,2026-08-19
1227,338,Applied,2026-08-19
1228,338,Screened,2026-08-19
1229,338,Dropped,2026-08-19
1230,339,Applied,2026-08-19
1231,339,Screened,2026-08-19
1232,339,Dropped,2026-08-19
1233,340,Applied,2026-08-19
1234,340,Screened,2026-08-19
1235,340,Interviewed,2026-08-19
1236,340,Dropped,2026-08-19
1237,341,Applied,2026-08-19
1238,341,Screened,2026-08-19
1239,341,Dropped,2026-08-19
1240,342,Applied,2026-08-19
1241,342,Screened,2026-08-19
1242,342,Interviewed,2026-08-19
1243,342,Offered,2026-08-19
1244,342,Dropped,2026-08-19
1245,343,Applied,2026-08-19
1246,343,Screened,2026-08-19
1247,343,Dropped,2026-08-19
1248,344,Applied,2026-08-19
1249,344,Screened,2026-08-19
1250,344,Dropped,2026-08-19
1251,345,Applied,2026-08-19
1252,345,Screened,2026-08-19
1253,345,Dropped,2026-08-19
1254,346,Applied,2026-08-19
1255,346,Screened,2026-08-19
1256,346,Interviewed,2026-08-19
1257,346,Hired,2026-08-19
1258,347,Applied,2026-08-19
1259,347,Screened,2026-08-19
1260,347,Interviewed,2026-08-19
1261,347,Offered,2026-08-19
1262,347,Hired,2026-08-19
1263,348,Applied,2026-08-19
1264,348,Screened,2026-08-19
1265,348,Interviewed,2026-08-19
1266,348,Dropped,2026-08-19
1267,349,Applied,2026-08-19
1268,349,Screened,2026-08-19
1269,349,Interviewed,2026-08-19
1270,349,Hired,2026-08-19
1271,350,Applied,2026-08-19
1272,350,Screened,2026-08-19
1273,350,Interviewed,2026-08-19
1274,350,Dropped,2026-08-19
1275,351,Applied,2026-08-19
1276,351,Screened,2026-08-19
1277,351,Interviewed,2026-08-19
1278,351,Hired,2026-08-19
1279,352,Applied,2026-08-19
1280,352,Screened,2026-08-19
1281,352,Interviewed,2026-08-19
1282,352,Hired,2026-08-19
1283,353,Applied,2026-08-19
1284,353,Screened,2026-08-19
1285,353,Dropped,2026-08-19
1286,354,Applied,2026-08-19
1287,354,Screened,2026-08-19
1288,354,Interviewed,2026-08-19
1289,354,Dropped,2026-08-19
1290,355,Applied,2026-08-19
1291,355,Screened,2026-08-19
1292,355,Interviewed,2026-08-19
1293,355,Hired,2026-08-19
1294,356,Applied,2026-08-19
1295,356,Screened,2026-08-19
1296,356,Dropped,2026-08-19
1297,357,Applied,2026-08-19
1298,357,Screened,2026-08-19
1299,357,Dropped,2026-08-19
1300,358,Applied,2026-08-19
1301,358,Screened,2026-08-19
1302,358,Dropped,2026-08-19
1303,359,Applied,2026-08-19
1304,359,Screened,2026-08-19
1305,359,Interviewed,2026-08-19
1306,359,Offered,2026-08-19
1307,359,Dropped,2026-08-19
1308,360,Applied,2026-08-19
1309,360,Screened,2026-08-19
1310,360,Interviewed,2026-08-19
1311,360,Dropped,2026-08-19
1312,361,Applied,2026-08-19
1313,361,Screened,2026-08-19
1314,361,Dropped,2026-08-19
1315,362,Applied,2026-08-19
1316,362,Screened,2026-08-19
1317,362,Dropped,2026-08-19
1318,363,Applied,2026-08-19
1319,363,Screened,2026-08-19
1320,363,Interviewed,2026-08-19
1321,363,Dropped,2026-08-19
1322,364,Applied,2026-08-19
1323,364,Screened,2026-08-19
1324,364,Interviewed,2026-08-19
1325,364,Dropped,2026-08-19
1326,365,Applied,2026-08-19
1327,365,Screened,2026-08-19
1328,365,Interviewed,2026-08-19
1329,365,Offered,2026-08-19
1330,365,Dropped,2026-08-19
1331,366,Applied,2026-08-19
1332,366,Screened,2026-08-19
1333,366,Dropped,2026-08-19
1334,367,Applied,2026-08-19
1335,367,Screened,2026-08-19
1336,367,Interviewed,2026-08-19
1337,367,Offered,2026-08-19
1338,367,Dropped,2026-08-19
1339,368,Applied,2026-08-19
1340,368,Screened,2026-08-19
1341,368,Interviewed,2026-08-19
1342,368,Offered,2026-08-19
1343,368,Hired,2026-08-19
1344,369,Applied,2026-08-19
1345,369,Screened,2026-08-19
1346,369,Dropped,2026-08-19
1347,370,Applied,2026-08-19
1348,370,Screened,2026-08-19
1349,370,Dropped,2026-08-19
1350,371,Applied,2026-08-19
1351,371,Screened,2026-08-19
1352,371,Interviewed,2026-08-19
1353,371,Offered,2026-08-19
1354,371,Hired,2026-08-19
1355,372,Applied,2026-08-19
1356,372,Screened,2026-08-19
1357,372,Interviewed,2026-08-19
1358,372,Offered,2026-08-19
1359,372,Dropped,2026-08-19
1360,373,Applied,2026-08-19
1361,373,Screened,2026-08-19
1362,373,Dropped,2026-08-19
1363,374,Applied,2026-08-19
1364,374,Screened,2026-08-19
1365,374,Dropped,2026-08-19
1366,375,Applied,2026-08-19
1367,375,Screened,2026-08-19
1368,375,Dropped,2026-08-19
1369,376,Applied,2026-08-19
1370,376,Screened,2026-08-19
1371,376,Interviewed,2026-08-19
1372,376,Offered,2026-08-19
1373,376,Hired,2026-08-19
1374,377,Applied,2026-08-19
1375,377,Screened,2026-08-19
1376,377,Dropped,2026-08-19
1377,378,Applied,2026-08-19
1378,378,Screened,2026-08-19
1379,378,Interviewed,2026-08-19
1380,378,Dropped,2026-08-19
1381,379,Applied,2026-08-19
1382,379,Screened,2026-08-19
1383,379,Interviewed,2026-08-19
1384,379,Hired,2026-08-19
1385,380,Applied,2026-08-19
1386,380,Screened,2026-08-19
1387,380,Interviewed,2026-08-19
1388,380,Offered,2026-08-19
1389,380,Dropped,2026-08-19
1390,381,Applied,2026-08-19
1391,381,Screened,2026-08-19
1392,381,Dropped,2026-08-19
1393,382,Applied,2026-08-19
1394,382,Screened,2026-08-19
1395,382,Dropped,2026-08-19
1396,383,Applied,2026-08-19
1397,383,Screened,2026-08-19
1398,383,Dropped,2026-08-19
1399,384,Applied,2026-08-19
1400,384,Screened,2026-08-19
1401,384,Interviewed,2026-08-19
1402,384,Offered,2026-08-19
1403,384,Hired,2026-08-19
1404,385,Applied,2026-08-19
1405,385,Screened,2026-08-19
1406,385,Dropped,2026-08-19
1407,386,Applied,2026-08-19
1408,386,Screened,2026-08-19
1409,386,Dropped,2026-08-19
1410,387,Applied,2026-08-19
1411,387,Screened,2026-08-19
1412,387,Interviewed,2026-08-19
1413,387,Hired,2026-08-19
1414,388,Applied,2026-08-19
1415,388,Screened,2026-08-19
1416,388,Interviewed,2026-08-19
1417,388,Dropped,2026-08-19
1418,389,Applied,2026-08-19
1419,389,Screened,2026-08-19
1420,389,Interviewed,2026-08-19
1421,389,Hired,2026-08-19
1422,390,Applied,2026-08-19
1423,390,Screened,2026-08-19
1424,390,Interviewed,2026-08-19
1425,390,Dropped,2026-08-19
1426,391,Applied,2026-08-19
1427,391,Screened,2026-08-19
1428,391,Interviewed,2026-08-19
1429,391,Dropped,2026-08-19
1430,392,Applied,2026-08-19
1431,392,Screened,2026-08-19
1432,392,Interviewed,2026-08-19
1433,392,Dropped,2026-08-19
1434,393,Applied,2026-08-19
1435,393,Screened,2026-08-19
1436,393,Interviewed,2026-08-19
1437,393,Hired,2026-08-19
1438,394,Applied,2026-08-19
1439,394,Screened,2026-08-19
1440,394,Interviewed,2026-08-19
1441,394,Hired,2026-08-19
1442,395,Applied,2026-08-19
1443,395,Screened,2026-08-19
1444,395,Interviewed,2026-08-19
1445,395,Offered,2026-08-19
1446,395,Hired,2026-08-19
1447,396,Applied,2026-08-19
1448,396,Screened,2026-08-19
1449,396,Dropped,2026-08-19
1450,397,Applied,2026-08-19
1451,397,Screened,2026-08-19
1452,397,Dropped,2026-08-19
1453,398,Applied,2026-08-19
1454,398,Screened,2026-08-19
1455,398,Interviewed,2026-08-19
1456,398,Offered,2026-08-19
1457,398,Hired,2026-08-19
1458,399,Applied,2026-08-19
1459,399,Screened,2026-08-19
1460,399,Dropped,2026-08-19
1461,400,Applied,2026-08-19
1462,400,Screened,2026-08-19
1463,400,Dropped,2026-08-19
1464,401,Applied,2026-08-19
1465,401,Screened,2026-08-19
1466,401,Dropped,2026-08-19
1467,402,Applied,2026-08-19
1468,402,Screened,2026-08-19
1469,402,Dropped,2026-08-19
1470,403,Applied,2026-08-19
1471,403,Screened,2026-08-19
1472,403,Interviewed,2026-08-19
1473,403,Dropped,2026-08-19
1474,404,Applied,2026-08-19
1475,404,Screened,2026-08-19
1476,404,Interviewed,2026-08-19
1477,404,Offered,2026-08-19
1478,404,Hired,2026-08-19
1479,405,Applied,2026-08-19
1480,405,Screened,2026-08-19
1481,405,Dropped,2026-08-19
1482,406,Applied,2026-08-19
1483,406,Screened,2026-08-19
1484,406,Interviewed,2026-08-19
1485,406,Hired,2026-08-19
1486,407,Applied,2026-08-19
1487,407,Screened,2026-08-19
1488,407,Interviewed,2026-08-19
1489,407,Hired,2026-08-19
1490,408,Applied,2026-08-19
1491,408,Screened,2026-08-19
1492,408,Interviewed,2026-08-19
1493,408,Hired,2026-08-19
1494,409,Applied,2026-08-19
1495,409,Screened,2026-08-19
1496,409,Interviewed,2026-08-19
1497,409,Hired,2026-08-19
1498,410,Applied,2026-08-19
1499,410,Screened,2026-08-19
1500,410,Interviewed,2026-08-19
1501,410,Dropped,2026-08-19
1502,411,Applied,2026-08-19
1503,411,Screened,2026-08-19
1504,411,Dropped,2026-08-19
1505,412,Applied,2026-08-19
1506,412,Screened,2026-08-19
1507,412,Dropped,2026-08-19
1508,413,Applied,2026-08-19
1509,413,Screened,2026-08-19
1510,413,Interviewed,2026-08-19
1511,413,Hired,2026-08-19
1512,414,Applied,2026-08-19
1513,414,Screened,2026-08-19
1514,414,Interviewed,2026-08-19
1515,414,Hired,2026-08-19
1516,415,Applied,2026-08-19
1517,415,Screened,2026-08-19
1518,415,Dropped,2026-08-19
1519,416,Applied,2026-08-19
1520,416,Screened,2026-08-19
1521,416,Dropped,2026-08-19
1522,417,Applied,2026-08-19
1523,417,Screened,2026-08-19
1524,417,Interviewed,2026-08-19
1525,417,Dropped,2026-08-19
1526,418,Applied,2026-08-19
1527,418,Screened,2026-08-19
1528,418,Dropped,2026-08-19
1529,419,Applied,2026-08-19
1530,419,Screened,2026-08-19
1531,419,Interviewed,2026-08-19
1532,419,Offered,2026-08-19
1533,419,Hired,2026-08-19
1534,420,Applied,2026-08-19
1535,420,Screened,2026-08-19
1536,420,Dropped,2026-08-19
1537,421,Applied,2026-08-19
1538,421,Screened,2026-08-19
1539,421,Dropped,2026-08-19
1540,422,Applied,2026-08-19
1541,422,Screened,2026-08-19
1542,422,Interviewed,2026-08-19
1543,422,Offered,2026-08-19
1544,422,Hired,2026-08-19
1545,423,Applied,2026-08-19
1546,423,Screened,2026-08-19
1547,423,Dropped,2026-08-19
1548,424,Applied,2026-08-19
1549,424,Screened,2026-08-19
1550,424,Dropped,2026-08-19
1551,425,Applied,2026-08-19
1552,425,Screened,2026-08-19
1553,425,Dropped,2026-08-19
1554,426,Applied,2026-08-19
1555,426,Screened,2026-08-19
1556,426,Dropped,2026-08-19
1557,427,Applied,2026-08-19
1558,427,Screened,2026-08-19
1559,427,Interviewed,2026-08-19
1560,427,Dropped,2026-08-19
1561,428,Applied,2026-08-19
1562,428,Screened,2026-08-19
1563,428,Interviewed,2026-08-19
1564,428,Dropped,2026-08-19
1565,429,Applied,2026-08-19
1566,429,Screened,2026-08-19
1567,429,Interviewed,2026-08-19
1568,429,Hired,2026-08-19
1569,430,Applied,2026-08-19
1570,430,Screened,2026-08-19
1571,430,Dropped,2026-08-19
1572,431,Applied,2026-08-19
1573,431,Screened,2026-08-19
1574,431,Interviewed,2026-08-19
1575,431,Offered,2026-08-19
1576,431,Hired,2026-08-19
1577,432,Applied,2026-08-19
1578,432,Screened,2026-08-19
1579,432,Dropped,2026-08-19
1580,433,Applied,2026-08-19
1581,433,Screened,2026-08-19
1582,433,Interviewed,2026-08-19
1583,433,Hired,2026-08-19
1584,434,Applied,2026-08-19
1585,434,Screened,2026-08-19
1586,434,Interviewed,2026-08-19
1587,434,Hired,2026-08-19
1588,435,Applied,2026-08-19
1589,435,Screened,2026-08-19
1590,435,Interviewed,2026-08-19
1591,435,Dropped,2026-08-19
1592,436,Applied,2026-08-19
1593,436,Screened,2026-08-19
1594,436,Dropped,2026-08-19
1595,437,Applied,2026-08-19
1596,437,Screened,2026-08-19
1597,437,Dropped,2026-08-19
1598,438,Applied,2026-08-19
1599,438,Screened,2026-08-19
1600,438,Dropped,2026-08-19
1601,439,Applied,2026-08-19
1602,439,Screened,2026-08-19
1603,439,Dropped,2026-08-19
1604,440,Applied,2026-08-19
1605,440,Screened,2026-08-19
1606,440,Dropped,2026-08-19
1607,441,Applied,2026-08-19
1608,441,Screened,2026-08-19
1609,441,Dropped,2026-08-19
1610,442,Applied,2026-08-19
1611,442,Screened,2026-08-19
1612,442,Interviewed,2026-08-19
1613,442,Hired,2026-08-19
1614,443,Applied,2026-08-19
1615,443,Screened,2026-08-19
1616,443,Dropped,2026-08-19
1617,444,Applied,2026-08-19
1618,444,Screened,2026-08-19
1619,444,Dropped,2026-08-19
1620,445,Applied,2026-08-19
1621,445,Screened,2026-08-19
1622,445,Interviewed,2026-08-19
1623,445,Hired,2026-08-19
1624,446,Applied,2026-08-19
1625,446,Screened,2026-08-19
1626,446,Dropped,2026-08-19
1627,447,Applied,2026-08-19
1628,447,Screened,2026-08-19
1629,447,Dropped,2026-08-19
1630,448,Applied,2026-08-19
1631,448,Screened,2026-08-19
1632,448,Dropped,2026-08-19
1633,449,Applied,2026-08-19
1634,449,Screened,2026-08-19
1635,449,Interviewed,2026-08-19
1636,449,Hired,2026-08-19
1637,450,Applied,2026-08-19
1638,450,Screened,2026-08-19
1639,450,Dropped,2026-08-19
1640,451,Applied,2026-08-19
1641,451,Screened,2026-08-19
1642,451,Dropped,2026-08-19
1643,452,Applied,2026-08-19
1644,452,Screened,2026-08-19
1645,452,Dropped,2026-08-19
1646,453,Applied,2026-08-19
1647,453,Screened,2026-08-19
1648,453,Interviewed,2026-08-19
1649,453,Offered,2026-08-19
1650,453,Hired,2026-08-19
1651,454,Applied,2026-08-19
1652,454,Screened,2026-08-19
1653,454,Interviewed,2026-08-19
1654,454,Offered,2026-08-19
1655,454,Dropped,2026-08-19
1656,455,Applied,2026-08-19
1657,455,Screened,2026-08-19
1658,455,Dropped,2026-08-19
1659,456,Applied,2026-08-19
1660,456,Screened,2026-08-19
1661,456,Dropped,2026-08-19
1662,457,Applied,2026-08-19
1663,457,Screened,2026-08-19
1664,457,Dropped,2026-08-19
1665,458,Applied,2026-08-19
1666,458,Screened,2026-08-19
1667,458,Interviewed,2026-08-19
1668,458,Dropped,2026-08-19
1669,459,Applied,2026-08-19
1670,459,Screened,2026-08-19
1671,459,Dropped,2026-08-19
1672,460,Applied,2026-08-19
1673,460,Screened,2026-08-19
1674,460,Interviewed,2026-08-19
1675,460,Hired,2026-08-19
1676,461,Applied,2026-08-19
1677,461,Screened,2026-08-19
1678,461,Interviewed,2026-08-19
1679,461,Hired,2026-08-19
1680,462,Applied,2026-08-19
1681,462,Screened,2026-08-19
1682,462,Dropped,2026-08-19
1683,463,Applied,2026-08-19
1684,463,Screened,2026-08-19
1685,463,Interviewed,2026-08-19
1686,463,Dropped,2026-08-19
1687,464,Applied,2026-08-19
1688,464,Screened,2026-08-19
1689,464,Dropped,2026-08-19
1690,465,Applied,2026-08-19
1691,465,Screened,2026-08-19
1692,465,Dropped,2026-08-19
1693,466,Applied,2026-08-19
1694,466,Screened,2026-08-19
1695,466,Interviewed,2026-08-19
1696,466,Dropped,2026-08-19
1697,467,Applied,2026-08-19
1698,467,Screened,2026-08-19
1699,467,Dropped,2026-08-19
1700,468,Applied,2026-08-19
1701,468,Screened,2026-08-19
1702,468,Dropped,2026-08-19
1703,469,Applied,2026-08-19
1704,469,Screened,2026-08-19
1705,469,Interviewed,2026-08-19
1706,469,Offered,2026-08-19
1707,469,Hired,2026-08-19
1708,470,Applied,2026-08-19
1709,470,Screened,2026-08-19
1710,470,Dropped,2026-08-19
1711,471,Applied,2026-08-19
1712,471,Screened,2026-08-19
1713,471,Interviewed,2026-08-19
1714,471,Dropped,2026-08-19
1715,472,Applied,2026-08-19
1716,472,Screened,2026-08-19
1717,472,Interviewed,2026-08-19
1718,472,Offered,2026-08-19
1719,472,Dropped,2026-08-19
1720,473,Applied,2026-08-19
1721,473,Screened,2026-08-19
1722,473,Dropped,2026-08-19
1723,474,Applied,2026-08-19
1724,474,Screened,2026-08-19
1725,474,Interviewed,2026-08-19
1726,474,Dropped,2026-08-19
1727,475,Applied,2026-08-19
1728,475,Screened,2026-08-19
1729,475,Dropped,2026-08-19
1730,476,Applied,2026-08-19
1731,476,Screened,2026-08-19
1732,476,Dropped,2026-08-19
1733,477,Applied,2026-08-19
1734,477,Screened,2026-08-19
1735,477,Interviewed,2026-08-19
1736,477,Hired,2026-08-19
1737,478,Applied,2026-08-19
1738,478,Screened,2026-08-19
1739,478,Interviewed,2026-08-19
1740,478,Hired,2026-08-19
1741,479,Applied,2026-08-19
1742,479,Screened,2026-08-19
1743,479,Dropped,2026-08-19
1744,480,Applied,2026-08-19
1745,480,Screened,2026-08-19
1746,480,Interviewed,2026-08-19
1747,480,Offered,2026-08-19
1748,480,Dropped,2026-08-19
1749,481,Applied,2026-08-19
1750,481,Screened,2026-08-19
1751,481,Dropped,2026-08-19
1752,482,Applied,2026-08-19
1753,482,Screened,2026-08-19
1754,482,Dropped,2026-08-19
1755,483,Applied,2026-08-19
1756,483,Screened,2026-08-19
1757,483,Interviewed,2026-08-19
1758,483,Dropped,2026-08-19
1759,484,Applied,2026-08-19
1760,484,Screened,2026-08-19
1761,484,Dropped,2026-08-19
1762,485,Applied,2026-08-19
1763,485,Screened,2026-08-19
1764,485,Interviewed,2026-08-19
1765,485,Dropped,2026-08-19
1766,486,Applied,2026-08-19
1767,486,Screened,2026-08-19
1768,486,Interviewed,2026-08-19
1769,486,Offered,2026-08-19
1770,486,Dropped,2026-08-19
1771,487,Applied,2026-08-19
1772,487,Screened,2026-08-19
1773,487,Interviewed,2026-08-19
1774,487,Dropped,2026-08-19
1775,488,Applied,2026-08-19
1776,488,Screened,2026-08-19
1777,488,Interviewed,2026-08-19
1778,488,Dropped,2026-08-19
1779,489,Applied,2026-08-19
1780,489,Screened,2026-08-19
1781,489,Dropped,2026-08-19
1782,490,Applied,2026-08-19
1783,490,Screened,2026-08-19
1784,490,Interviewed,2026-08-19
1785,490,Dropped,2026-08-19
1786,491,Applied,2026-08-19
1787,491,Screened,2026-08-19
1788,491,Dropped,2026-08-19
1789,492,Applied,2026-08-19
1790,492,Screened,2026-08-19
1791,492,Dropped,2026-08-19
1792,493,Applied,2026-08-19
1793,493,Screened,2026-08-19
1794,493,Interviewed,2026-08-19
1795,493,Offered,2026-08-19
1796,493,Hired,2026-08-19
1797,494,Applied,2026-08-19
1798,494,Screened,2026-08-19
1799,494,Interviewed,2026-08-19
1800,494,Hired,2026-08-19
1801,495,Applied,2026-08-19
1802,495,Screened,2026-08-19
1803,495,Interviewed,2026-08-19
1804,495,Offered,2026-08-19
1805,495,Hired,2026-08-19
1806,496,Applied,2026-08-19
1807,496,Screened,2026-08-19
1808,496,Dropped,2026-08-19
1809,497,Applied,2026-08-19
1810,497,Screened,2026-08-19
1811,497,Interviewed,2026-08-19
1812,497,Hired,2026-08-19
1813,498,Applied,2026-08-19
1814,498,Screened,2026-08-19
1815,498,Interviewed,2026-08-19
1816,498,Hired,2026-08-19
1817,499,Applied,2026-08-19
1818,499,Screened,2026-08-19
1819,499,Dropped,2026-08-19
1820,500,Applied,2026-08-19
1821,500,Screened,2026-08-19
1822,500,Interviewed,2026-08-19
1823,500,Dropped,2026-08-19
1824,501,Applied,2026-08-19
1825,501,Screened,2026-08-19
1826,501,Dropped,2026-08-19
1827,502,Applied,2026-08-19
1828,502,Screened,2026-08-19
1829,502,Dropped,2026-08-19
1830,503,Applied,2026-08-19
1831,503,Screened,2026-08-19
1832,503,Interviewed,2026-08-19
1833,503,Hired,2026-08-19
1834,504,Applied,2026-08-19
1835,504,Screened,2026-08-19
1836,504,Interviewed,2026-08-19
1837,504,Offered,2026-08-19
1838,504,Dropped,2026-08-19
1839,505,Applied,2026-08-19
1840,505,Screened,2026-08-19
1841,505,Dropped,2026-08-19
1842,506,Applied,2026-08-19
1843,506,Screened,2026-08-19
1844,506,Dropped,2026-08-19
1845,507,Applied,2026-08-19
1846,507,Screened,2026-08-19
1847,507,Interviewed,2026-08-19
1848,507,Offered,2026-08-19
1849,507,Hired,2026-08-19
1850,508,Applied,2026-08-19
1851,508,Screened,2026-08-19
1852,508,Interviewed,2026-08-19
1853,508,Offered,2026-08-19
1854,508,Hired,2026-08-19
1855,509,Applied,2026-08-19
1856,509,Screened,2026-08-19
1857,509,Interviewed,2026-08-19
1858,509,Offered,2026-08-19
1859,509,Hired,2026-08-19
1860,510,Applied,2026-08-19
1861,510,Screened,2026-08-19
1862,510,Dropped,2026-08-19
1863,511,Applied,2026-08-19
1864,511,Screened,2026-08-19
1865,511,Dropped,2026-08-19
1866,512,Applied,2026-08-19
1867,512,Screened,2026-08-19
1868,512,Dropped,2026-08-19
1869,513,Applied,2026-08-19
1870,513,Screened,2026-08-19
1871,513,Interviewed,2026-08-19
1872,513,Hired,2026-08-19
1873,514,Applied,2026-08-19
1874,514,Screened,2026-08-19
1875,514,Dropped,2026-08-19
1876,515,Applied,2026-08-19
1877,515,Screened,2026-08-19
1878,515,Interviewed,2026-08-19
1879,515,Hired,2026-08-19
1880,516,Applied,2026-08-19
1881,516,Screened,2026-08-19
1882,516,Dropped,2026-08-19
1883,517,Applied,2026-08-19
1884,517,Screened,2026-08-19
1885,517,Dropped,2026-08-19
1886,518,Applied,2026-08-19
1887,518,Screened,2026-08-19
1888,518,Dropped,2026-08-19
1889,519,Applied,2026-08-19
1890,519,Screened,2026-08-19
1891,519,Dropped,2026-08-19
1892,520,Applied,2026-08-19
1893,520,Screened,2026-08-19
1894,520,Interviewed,2026-08-19
1895,520,Dropped,2026-08-19
1896,521,Applied,2026-08-19
1897,521,Screened,2026-08-19
1898,521,Interviewed,2026-08-19
1899,521,Offered,2026-08-19
1900,521,Dropped,2026-08-19
1901,522,Applied,2026-08-19
1902,522,Screened,2026-08-19
1903,522,Interviewed,2026-08-19
1904,522,Dropped,2026-08-19
1905,523,Applied,2026-08-19
1906,523,Screened,2026-08-19
1907,523,Interviewed,2026-08-19
1908,523,Hired,2026-08-19
1909,524,Applied,2026-08-19
1910,524,Screened,2026-08-19
1911,524,Dropped,2026-08-19
1912,525,Applied,2026-08-19
1913,525,Screened,2026-08-19
1914,525,Interviewed,2026-08-19
1915,525,Dropped,2026-08-19
1916,526,Applied,2026-08-19
1917,526,Screened,2026-08-19
1918,526,Dropped,2026-08-19
1919,527,Applied,2026-08-19
1920,527,Screened,2026-08-19
1921,527,Interviewed,2026-08-19
1922,527,Dropped,2026-08-19
1923,528,Applied,2026-08-19
1924,528,Screened,2026-08-19
1925,528,Interviewed,2026-08-19
1926,528,Hired,2026-08-19
1927,529,Applied,2026-08-19
1928,529,Screened,2026-08-19
1929,529,Interviewed,2026-08-19
1930,529,Dropped,2026-08-19
1931,530,Applied,2026-08-19
1932,530,Screened,2026-08-19
1933,530,Dropped,2026-08-19
1934,531,Applied,2026-08-19
1935,531,Screened,2026-08-19
1936,531,Interviewed,2026-08-19
1937,531,Dropped,2026-08-19
1938,532,Applied,2026-08-19
1939,532,Screened,2026-08-19
1940,532,Dropped,2026-08-19
1941,533,Applied,2026-08-19
1942,533,Screened,2026-08-19
1943,533,Dropped,2026-08-19
1944,534,Applied,2026-08-19
1945,534,Screened,2026-08-19
1946,534,Dropped,2026-08-19
1947,535,Applied,2026-08-19
1948,535,Screened,2026-08-19
1949,535,Interviewed,2026-08-19
1950,535,Dropped,2026-08-19
1951,536,Applied,2026-08-19
1952,536,Screened,2026-08-19
1953,536,Dropped,2026-08-19
1954,537,Applied,2026-08-19
1955,537,Screened,2026-08-19
1956,537,Interviewed,2026-08-19
1957,537,Hired,2026-08-19
1958,538,Applied,2026-08-19
1959,538,Screened,2026-08-19
1960,538,Interviewed,2026-08-19
1961,538,Dropped,2026-08-19
1962,539,Applied,2026-08-19
1963,539,Screened,2026-08-19
1964,539,Dropped,2026-08-19
1965,540,Applied,2026-08-19
1966,540,Screened,2026-08-19
1967,540,Dropped,2026-08-19
1968,541,Applied,2026-08-19
1969,541,Screened,2026-08-19
1970,541,Dropped,2026-08-19
1971,542,Applied,2026-08-19
1972,542,Screened,2026-08-19
1973,542,Interviewed,2026-08-19
1974,542,Hired,2026-08-19
1975,543,Applied,2026-08-19
1976,543,Screened,2026-08-19
1977,543,Dropped,2026-08-19
1978,544,Applied,2026-08-19
1979,544,Screened,2026-08-19
1980,544,Dropped,2026-08-19
1981,545,Applied,2026-08-19
1982,545,Screened,2026-08-19
1983,545,Dropped,2026-08-19
1984,546,Applied,2026-08-19
1985,546,Screened,2026-08-19
1986,546,Interviewed,2026-08-19
1987,546,Dropped,2026-08-19
1988,547,Applied,2026-08-19
1989,547,Screened,2026-08-19
1990,547,Dropped,2026-08-19
1991,548,Applied,2026-08-19
1992,548,Screened,2026-08-19
1993,548,Interviewed,2026-08-19
1994,548,Offered,2026-08-19
1995,548,Dropped,2026-08-19
1996,549,Applied,2026-08-19
1997,549,Screened,2026-08-19
1998,549,Dropped,2026-08-19
1999,550,Applied,2026-08-19
2000,550,Screened,2026-08-19
2001,550,Dropped,2026-08-19
2002,551,Applied,2026-08-19
2003,551,Screened,2026-08-19
2004,551,Dropped,2026-08-19
2005,552,Applied,2026-08-19
2006,552,Screened,2026-08-19
2007,552,Interviewed,2026-08-19
2008,552,Offered,2026-08-19
2009,552,Hired,2026-08-19
2010,553,Applied,2026-08-19
2011,553,Screened,2026-08-19
2012,553,Dropped,2026-08-19
2013,554,Applied,2026-08-19
2014,554,Screened,2026-08-19
2015,554,Dropped,2026-08-19
2016,555,Applied,2026-08-19
2017,555,Screened,2026-08-19
2018,555,Dropped,2026-08-19
2019,556,Applied,2026-08-19
2020,556,Screened,2026-08-19
2021,556,Interviewed,2026-08-19
2022,556,Dropped,2026-08-19
2023,557,Applied,2026-08-19
2024,557,Screened,2026-08-19
2025,557,Dropped,2026-08-19
2026,558,Applied,2026-08-19
2027,558,Screened,2026-08-19
2028,558,Interviewed,2026-08-19
2029,558,Offered,2026-08-19
2030,558,Hired,2026-08-19
2031,559,Applied,2026-08-19
2032,559,Screened,2026-08-19
2033,559,Dropped,2026-08-19
2034,560,Applied,2026-08-19
2035,560,Screened,2026-08-19
2036,560,Dropped,2026-08-19
2037,561,Applied,2026-08-19
2038,561,Screened,2026-08-19
2039,561,Dropped,2026-08-19
2040,562,Applied,2026-08-19
2041,562,Screened,2026-08-19
2042,562,Interviewed,2026-08-19
2043,562,Offered,2026-08-19
2044,562,Dropped,2026-08-19
2045,563,Applied,2026-08-19
2046,563,Screened,2026-08-19
2047,563,Dropped,2026-08-19
2048,564,Applied,2026-08-19
2049,564,Screened,2026-08-19
2050,564,Dropped,2026-08-19
2051,565,Applied,2026-08-19
2052,565,Screened,2026-08-19
2053,565,Dropped,2026-08-19
2054,566,Applied,2026-08-19
2055,566,Screened,2026-08-19
2056,566,Dropped,2026-08-19
2057,567,Applied,2026-08-19
2058,567,Screened,2026-08-19
2059,567,Interviewed,2026-08-19
2060,567,Offered,2026-08-19
2061,567,Hired,2026-08-19
2062,568,Applied,2026-08-19
2063,568,Screened,2026-08-19
2064,568,Dropped,2026-08-19
2065,569,Applied,2026-08-19
2066,569,Screened,2026-08-19
2067,569,Dropped,2026-08-19
2068,570,Applied,2026-08-19
2069,570,Screened,2026-08-19
2070,570,Interviewed,2026-08-19
2071,570,Offered,2026-08-19
2072,570,Hired,2026-08-19
2073,571,Applied,2026-08-19
2074,571,Screened,2026-08-19
2075,571,Interviewed,2026-08-19
2076,571,Offered,2026-08-19
2077,571,Hired,2026-08-19
2078,572,Applied,2026-08-19
2079,572,Screened,2026-08-19
2080,572,Dropped,2026-08-19
2081,573,Applied,2026-08-19
2082,573,Screened,2026-08-19
2083,573,Interviewed,2026-08-19
2084,573,Hired,2026-08-19
2085,574,Applied,2026-08-19
2086,574,Screened,2026-08-19
2087,574,Interviewed,2026-08-19
2088,574,Hired,2026-08-19
2089,575,Applied,2026-08-19
2090,575,Screened,2026-08-19
2091,575,Dropped,2026-08-19
2092,576,Applied,2026-08-19
2093,576,Screened,2026-08-19
2094,576,Dropped,2026-08-19
2095,577,Applied,2026-08-19
2096,577,Screened,2026-08-19
2097,577,Dropped,2026-08-19
2098,578,Applied,2026-08-19
2099,578,Screened,2026-08-19
2100,578,Interviewed,2026-08-19
2101,578,Hired,2026-08-19
2102,579,Applied,2026-08-19
2103,579,Screened,2026-08-19
2104,579,Interviewed,2026-08-19
2105,579,Hired,2026-08-19
2106,580,Applied,2026-08-19
2107,580,Screened,2026-08-19
2108,580,Interviewed,2026-08-19
2109,580,Offered,2026-08-19
2110,580,Hired,2026-08-19
2111,581,Applied,2026-08-19
2112,581,Screened,2026-08-19
2113,581,Interviewed,2026-08-19
2114,581,Offered,2026-08-19
2115,581,Dropped,2026-08-19
2116,582,Applied,2026-08-19
2117,582,Screened,2026-08-19
2118,582,Interviewed,2026-08-19
2119,582,Hired,2026-08-19
2120,583,Applied,2026-08-19
2121,583,Screened,2026-08-19
2122,583,Interviewed,2026-08-19
2123,583,Offered,2026-08-19
2124,583,Dropped,2026-08-19
2125,584,Applied,2026-08-19
2126,584,Screened,2026-08-19
2127,584,Dropped,2026-08-19
2128,585,Applied,2026-08-19
2129,585,Screened,2026-08-19
2130,585,Interviewed,2026-08-19
2131,585,Hired,2026-08-19
2132,586,Applied,2026-08-19
2133,586,Screened,2026-08-19
2134,586,Dropped,2026-08-19
2135,587,Applied,2026-08-19
2136,587,Screened,2026-08-19
2137,587,Dropped,2026-08-19
2138,588,Applied,2026-08-19
2139,588,Screened,2026-08-19
2140,588,Dropped,2026-08-19
2141,589,Applied,2026-08-19
2142,589,Screened,2026-08-19
2143,589,Interviewed,2026-08-19
2144,589,Hired,2026-08-19
2145,590,Applied,2026-08-19
2146,590,Screened,2026-08-19
2147,590,Dropped,2026-08-19
2148,591,Applied,2026-08-19
2149,591,Screened,2026-08-19
2150,591,Interviewed,2026-08-19
2151,591,Hired,2026-08-19
2152,592,Applied,2026-08-19
2153,592,Screened,2026-08-19
2154,592,Interviewed,2026-08-19
2155,592,Dropped,2026-08-19
2156,593,Applied,2026-08-19
2157,593,Screened,2026-08-19
2158,593,Dropped,2026-08-19
2159,594,Applied,2026-08-19
2160,594,Screened,2026-08-19
2161,594,Dropped,2026-08-19
2162,595,Applied,2026-08-19
2163,595,Screened,2026-08-19
2164,595,Interviewed,2026-08-19
2165,595,Hired,2026-08-19
2166,596,Applied,2026-08-19
2167,596,Screened,2026-08-19
2168,596,Interviewed,2026-08-19
2169,596,Dropped,2026-08-19
2170,597,Applied,2026-08-19
2171,597,Screened,2026-08-19
2172,597,Interviewed,2026-08-19
2173,597,Offered,2026-08-19
2174,597,Dropped,2026-08-19
2175,598,Applied,2026-08-19
2176,598,Screened,2026-08-19
2177,598,Interviewed,2026-08-19
2178,598,Dropped,2026-08-19
2179,599,Applied,2026-08-19
2180,599,Screened,2026-08-19
2181,599,Interviewed,2026-08-19
2182,599,Offered,2026-08-19
2183,599,Dropped,2026-08-19
2184,600,Applied,2026-08-19
2185,600,Screened,2026-08-19
2186,600,Dropped,2026-08-19
2187,601,Applied,2026-08-19
2188,601,Screened,2026-08-19
2189,601,Interviewed,2026-08-19
2190,601,Offered,2026-08-19
2191,601,Dropped,2026-08-19
2192,602,Applied,2026-08-19
2193,602,Screened,2026-08-19
2194,602,Interviewed,2026-08-19
2195,602,Offered,2026-08-19
2196,602,Hired,2026-08-19
2197,603,Applied,2026-08-19
2198,603,Screened,2026-08-19
2199,603,Interviewed,2026-08-19
2200,603,Offered,2026-08-19
2201,603,Dropped,2026-08-19
2202,604,Applied,2026-08-19
2203,604,Screened,2026-08-19
2204,604,Interviewed,2026-08-19
2205,604,Dropped,2026-08-19
2206,605,Applied,2026-08-19
2207,605,Screened,2026-08-19
2208,605,Interviewed,2026-08-19
2209,605,Dropped,2026-08-19
2210,606,Applied,2026-08-19
2211,606,Screened,2026-08-19
2212,606,Interviewed,2026-08-19
2213,606,Dropped,2026-08-19
2214,607,Applied,2026-08-19
2215,607,Screened,2026-08-19
2216,607,Interviewed,2026-08-19
2217,607,Dropped,2026-08-19
2218,608,Applied,2026-08-19
2219,608,Screened,2026-08-19
2220,608,Dropped,2026-08-19
2221,609,Applied,2026-08-19
2222,609,Screened,2026-08-19
2223,609,Dropped,2026-08-19
2224,610,Applied,2026-08-19
2225,610,Screened,2026-08-19
2226,610,Dropped,2026-08-19
2227,611,Applied,2026-08-19
2228,611,Screened,2026-08-19
2229,611,Interviewed,2026-08-19
2230,611,Offered,2026-08-19
2231,611,Dropped,2026-08-19
2232,612,Applied,2026-08-19
2233,612,Screened,2026-08-19
2234,612,Dropped,2026-08-19
2235,613,Applied,2026-08-19
2236,613,Screened,2026-08-19
2237,613,Dropped,2026-08-19
2238,614,Applied,2026-08-19
2239,614,Screened,2026-08-19
2240,614,Interviewed,2026-08-19
2241,614,Offered,2026-08-19
2242,614,Dropped,2026-08-19
2243,615,Applied,2026-08-19
2244,615,Screened,2026-08-19
2245,615,Dropped,2026-08-19
2246,616,Applied,2026-08-19
2247,616,Screened,2026-08-19
2248,616,Dropped,2026-08-19
2249,617,Applied,2026-08-19
2250,617,Screened,2026-08-19
2251,617,Dropped,2026-08-19
2252,618,Applied,2026-08-19
2253,618,Screened,2026-08-19
2254,618,Dropped,2026-08-19
2255,619,Applied,2026-08-19
2256,619,Screened,2026-08-19
2257,619,Dropped,2026-08-19
2258,620,Applied,2026-08-19
2259,620,Screened,2026-08-19
2260,620,Dropped,2026-08-19
2261,621,Applied,2026-08-19
2262,621,Screened,2026-08-19
2263,621,Dropped,2026-08-19
2264,622,Applied,2026-08-19
2265,622,Screened,2026-08-19
2266,622,Dropped,2026-08-19
2267,623,Applied,2026-08-19
2268,623,Screened,2026-08-19
2269,623,Dropped,2026-08-19
2270,624,Applied,2026-08-19
2271,624,Screened,2026-08-19
2272,624,Dropped,2026-08-19
2273,625,Applied,2026-08-19
2274,625,Screened,2026-08-19
2275,625,Dropped,2026-08-19
2276,626,Applied,2026-08-19
2277,626,Screened,2026-08-19
2278,626,Interviewed,2026-08-19
2279,626,Hired,2026-08-19
2280,627,Applied,2026-08-19
2281,627,Screened,2026-08-19
2282,627,Dropped,2026-08-19
2283,628,Applied,2026-08-19
2284,628,Screened,2026-08-19
2285,628,Interviewed,2026-08-19
2286,628,Dropped,2026-08-19
2287,629,Applied,2026-08-19
2288,629,Screened,2026-08-19
2289,629,Interviewed,2026-08-19
2290,629,Offered,2026-08-19
2291,629,Dropped,2026-08-19
2292,630,Applied,2026-08-19
2293,630,Screened,2026-08-19
2294,630,Dropped,2026-08-19
2295,631,Applied,2026-08-19
2296,631,Screened,2026-08-19
2297,631,Dropped,2026-08-19
2298,632,Applied,2026-08-19
2299,632,Screened,2026-08-19
2300,632,Interviewed,2026-08-19
2301,632,Dropped,2026-08-19
2302,633,Applied,2026-08-19
2303,633,Screened,2026-08-19
2304,633,Dropped,2026-08-19
2305,634,Applied,2026-08-19
2306,634,Screened,2026-08-19
2307,634,Interviewed,2026-08-19
2308,634,Hired,2026-08-19
2309,635,Applied,2026-08-19
2310,635,Screened,2026-08-19
2311,635,Interviewed,2026-08-19
2312,635,Hired,2026-08-19
2313,636,Applied,2026-08-19
2314,636,Screened,2026-08-19
2315,636,Dropped,2026-08-19
2316,637,Applied,2026-08-19
2317,637,Screened,2026-08-19
2318,637,Dropped,2026-08-19
2319,638,Applied,2026-08-19
2320,638,Screened,2026-08-19
2321,638,Dropped,2026-08-19
2322,639,Applied,2026-08-19
2323,639,Screened,2026-08-19
2324,639,Interviewed,2026-08-19
2325,639,Offered,2026-08-19
2326,639,Dropped,2026-08-19
2327,640,Applied,2026-08-19
2328,640,Screened,2026-08-19
2329,640,Interviewed,2026-08-19
2330,640,Hired,2026-08-19
2331,641,Applied,2026-08-19
2332,641,Screened,2026-08-19
2333,641,Interviewed,2026-08-19
2334,641,Hired,2026-08-19
2335,642,Applied,2026-08-19
2336,642,Screened,2026-08-19
2337,642,Interviewed,2026-08-19
2338,642,Hired,2026-08-19
2339,643,Applied,2026-08-19
2340,643,Screened,2026-08-19
2341,643,Dropped,2026-08-19
2342,644,Applied,2026-08-19
2343,644,Screened,2026-08-19
2344,644,Dropped,2026-08-19
2345,645,Applied,2026-08-19
2346,645,Screened,2026-08-19
2347,645,Interviewed,2026-08-19
2348,645,Hired,2026-08-19
2349,646,Applied,2026-08-19
2350,646,Screened,2026-08-19
2351,646,Dropped,2026-08-19
2352,647,Applied,2026-08-19
2353,647,Screened,2026-08-19
2354,647,Dropped,2026-08-19
2355,648,Applied,2026-08-19
2356,648,Screened,2026-08-19
2357,648,Dropped,2026-08-19
2358,649,Applied,2026-08-19
2359,649,Screened,2026-08-19
2360,649,Dropped,2026-08-19
2361,650,Applied,2026-08-19
2362,650,Screened,2026-08-19
2363,650,Interviewed,2026-08-19
2364,650,Offered,2026-08-19
2365,650,Hired,2026-08-19
2366,651,Applied,2026-08-19
2367,651,Screened,2026-08-19
2368,651,Dropped,2026-08-19
2369,652,Applied,2026-08-19
2370,652,Screened,2026-08-19
2371,652,Dropped,2026-08-19
2372,653,Applied,2026-08-19
2373,653,Screened,2026-08-19
2374,653,Interviewed,2026-08-19
2375,653,Dropped,2026-08-19
2376,654,Applied,2026-08-19
2377,654,Screened,2026-08-19
2378,654,Interviewed,2026-08-19
2379,654,Hired,2026-08-19
2380,655,Applied,2026-08-19
2381,655,Screened,2026-08-19
2382,655,Dropped,2026-08-19
2383,656,Applied,2026-08-19
2384,656,Screened,2026-08-19
2385,656,Dropped,2026-08-19
2386,657,Applied,2026-08-19
2387,657,Screened,2026-08-19
2388,657,Interviewed,2026-08-19
2389,657,Dropped,2026-08-19
2390,658,Applied,2026-08-19
2391,658,Screened,2026-08-19
2392,658,Interviewed,2026-08-19
2393,658,Offered,2026-08-19
2394,658,Hired,2026-08-19
2395,659,Applied,2026-08-19
2396,659,Screened,2026-08-19
2397,659,Interviewed,2026-08-19
2398,659,Offered,2026-08-19
2399,659,Hired,2026-08-19
2400,660,Applied,2026-08-19
2401,660,Screened,2026-08-19
2402,660,Dropped,2026-08-19
2403,661,Applied,2026-08-19
2404,661,Screened,2026-08-19
2405,661,Interviewed,2026-08-19
2406,661,Offered,2026-08-19
2407,661,Hired,2026-08-19
2408,662,Applied,2026-08-19
2409,662,Screened,2026-08-19
2410,662,Dropped,2026-08-19
2411,663,Applied,2026-08-19
2412,663,Screened,2026-08-19
2413,663,Interviewed,2026-08-19
2414,663,Offered,2026-08-19
2415,663,Hired,2026-08-19
2416,664,Applied,2026-08-19
2417,664,Screened,2026-08-19
2418,664,Interviewed,2026-08-19
2419,664,Hired,2026-08-19
2420,665,Applied,2026-08-19
2421,665,Screened,2026-08-19
2422,665,Interviewed,2026-08-19
2423,665,Hired,2026-08-19
2424,666,Applied,2026-08-19
2425,666,Screened,2026-08-19
2426,666,Dropped,2026-08-19
2427,667,Applied,2026-08-19
2428,667,Screened,2026-08-19
2429,667,Dropped,2026-08-19
2430,668,Applied,2026-08-19
2431,668,Screened,2026-08-19
2432,668,Interviewed,2026-08-19
2433,668,Offered,2026-08-19
2434,668,Dropped,2026-08-19
2435,669,Applied,2026-08-19
2436,669,Screened,2026-08-19
2437,669,Interviewed,2026-08-19
2438,669,Hired,2026-08-19
2439,670,Applied,2026-08-19
2440,670,Screened,2026-08-19
2441,670,Interviewed,2026-08-19
2442,670,Offered,2026-08-19
2443,670,Hired,2026-08-19
2444,671,Applied,2026-08-19
2445,671,Screened,2026-08-19
2446,671,Dropped,2026-08-19
2447,672,Applied,2026-08-19
2448,672,Screened,2026-08-19
2449,672,Dropped,2026-08-19
2450,673,Applied,2026-08-19
2451,673,Screened,2026-08-19
2452,673,Dropped,2026-08-19
2453,674,Applied,2026-08-19
2454,674,Screened,2026-08-19
2455,674,Interviewed,2026-08-19
2456,674,Offered,2026-08-19
2457,674,Dropped,2026-08-19
2458,675,Applied,2026-08-19
2459,675,Screened,2026-08-19
2460,675,Dropped,2026-08-19
2461,676,Applied,2026-08-19
2462,676,Screened,2026-08-19
2463,676,Interviewed,2026-08-19
2464,676,Dropped,2026-08-19
2465,677,Applied,2026-08-19
2466,677,Screened,2026-08-19
2467,677,Interviewed,2026-08-19
2468,677,Hired,2026-08-19
2469,678,Applied,2026-08-19
2470,678,Screened,2026-08-19
2471,678,Dropped,2026-08-19
2472,679,Applied,2026-08-19
2473,679,Screened,2026-08-19
2474,679,Interviewed,2026-08-19
2475,679,Hired,2026-08-19
2476,680,Applied,2026-08-19
2477,680,Screened,2026-08-19
2478,680,Dropped,2026-08-19
2479,681,Applied,2026-08-19
2480,681,Screened,2026-08-19
2481,681,Interviewed,2026-08-19
2482,681,Offered,2026-08-19
2483,681,Hired,2026-08-19
2484,682,Applied,2026-08-19
2485,682,Screened,2026-08-19
2486,682,Dropped,2026-08-19
2487,683,Applied,2026-08-19
2488,683,Screened,2026-08-19
2489,683,Interviewed,2026-08-19
2490,683,Hired,2026-08-19
2491,684,Applied,2026-08-19
2492,684,Screened,2026-08-19
2493,684,Dropped,2026-08-19
2494,685,Applied,2026-08-19
2495,685,Screened,2026-08-19
2496,685,Dropped,2026-08-19
2497,686,Applied,2026-08-19
2498,686,Screened,2026-08-19
2499,686,Interviewed,2026-08-19
2500,686,Dropped,2026-08-19
2501,687,Applied,2026-08-19
2502,687,Screened,2026-08-19
2503,687,Dropped,2026-08-19
2504,688,Applied,2026-08-19
2505,688,Screened,2026-08-19
2506,688,Dropped,2026-08-19
2507,689,Applied,2026-08-19
2508,689,Screened,2026-08-19
2509,689,Interviewed,2026-08-19
2510,689,Dropped,2026-08-19
2511,690,Applied,2026-08-19
2512,690,Screened,2026-08-19
2513,690,Interviewed,2026-08-19
2514,690,Dropped,2026-08-19
2515,691,Applied,2026-08-19
2516,691,Screened,2026-08-19
2517,691,Dropped,2026-08-19
2518,692,Applied,2026-08-19
2519,692,Screened,2026-08-19
2520,692,Interviewed,2026-08-19
2521,692,Offered,2026-08-19
2522,692,Dropped,2026-08-19
2523,693,Applied,2026-08-19
2524,693,Screened,2026-08-19
2525,693,Dropped,2026-08-19
2526,694,Applied,2026-08-19
2527,694,Screened,2026-08-19
2528,694,Interviewed,2026-08-19
2529,694,Offered,2026-08-19
2530,694,Dropped,2026-08-19
2531,695,Applied,2026-08-19
2532,695,Screened,2026-08-19
2533,695,Interviewed,2026-08-19
2534,695,Dropped,2026-08-19
2535,696,Applied,2026-08-19
2536,696,Screened,2026-08-19
2537,696,Dropped,2026-08-19
2538,697,Applied,2026-08-19
2539,697,Screened,2026-08-19
2540,697,Interviewed,2026-08-19
2541,697,Offered,2026-08-19
2542,697,Hired,2026-08-19
2543,698,Applied,2026-08-19
2544,698,Screened,2026-08-19
2545,698,Dropped,2026-08-19
2546,699,Applied,2026-08-19
2547,699,Screened,2026-08-19
2548,699,Dropped,2026-08-19
2549,700,Applied,2026-08-19
2550,700,Screened,2026-08-19
2551,700,Interviewed,2026-08-19
2552,700,Offered,2026-08-19
2553,700,Dropped,2026-08-19
2554,701,Applied,2026-08-19
2555,701,Screened,2026-08-19
2556,701,Dropped,2026-08-19
2557,702,Applied,2026-08-19
2558,702,Screened,2026-08-19
2559,702,Dropped,2026-08-19
2560,703,Applied,2026-08-19
2561,703,Screened,2026-08-19
2562,703,Interviewed,2026-08-19
2563,703,Hired,2026-08-19
2564,704,Applied,2026-08-19
2565,704,Screened,2026-08-19
2566,704,Interviewed,2026-08-19
2567,704,Offered,2026-08-19
2568,704,Dropped,2026-08-19
2569,705,Applied,2026-08-19
2570,705,Screened,2026-08-19
2571,705,Interviewed,2026-08-19
2572,705,Hired,2026-08-19
2573,706,Applied,2026-08-19
2574,706,Screened,2026-08-19
2575,706,Interviewed,2026-08-19
2576,706,Dropped,2026-08-19
2577,707,Applied,2026-08-19
2578,707,Screened,2026-08-19
2579,707,Interviewed,2026-08-19
2580,707,Offered,2026-08-19
2581,707,Dropped,2026-08-19
2582,708,Applied,2026-08-19
2583,708,Screened,2026-08-19
2584,708,Interviewed,2026-08-19
2585,708,Dropped,2026-08-19
2586,709,Applied,2026-08-19
2587,709,Screened,2026-08-19
2588,709,Dropped,2026-08-19
2589,710,Applied,2026-08-19
2590,710,Screened,2026-08-19
2591,710,Dropped,2026-08-19
2592,711,Applied,2026-08-19
2593,711,Screened,2026-08-19
2594,711,Interviewed,2026-08-19
2595,711,Dropped,2026-08-19
2596,712,Applied,2026-08-19
2597,712,Screened,2026-08-19
2598,712,Dropped,2026-08-19
2599,713,Applied,2026-08-19
2600,713,Screened,2026-08-19
2601,713,Interviewed,2026-08-19
2602,713,Hired,2026-08-19
2603,714,Applied,2026-08-19
2604,714,Screened,2026-08-19
2605,714,Interviewed,2026-08-19
2606,714,Hired,2026-08-19
2607,715,Applied,2026-08-19
2608,715,Screened,2026-08-19
2609,715,Interviewed,2026-08-19
2610,715,Hired,2026-08-19
2611,716,Applied,2026-08-19
2612,716,Screened,2026-08-19
2613,716,Interviewed,2026-08-19
2614,716,Dropped,2026-08-19
2615,717,Applied,2026-08-19
2616,717,Screened,2026-08-19
2617,717,Dropped,2026-08-19
2618,718,Applied,2026-08-19
2619,718,Screened,2026-08-19
2620,718,Dropped,2026-08-19
2621,719,Applied,2026-08-19
2622,719,Screened,2026-08-19
2623,719,Interviewed,2026-08-19
2624,719,Dropped,2026-08-19
2625,720,Applied,2026-08-19
2626,720,Screened,2026-08-19
2627,720,Interviewed,2026-08-19
2628,720,Offered,2026-08-19
2629,720,Dropped,2026-08-19
2630,721,Applied,2026-08-19
2631,721,Screened,2026-08-19
2632,721,Dropped,2026-08-19
2633,722,Applied,2026-08-19
2634,722,Screened,2026-08-19
2635,722,Interviewed,2026-08-19
2636,722,Offered,2026-08-19
2637,722,Dropped,2026-08-19
2638,723,Applied,2026-08-19
2639,723,Screened,2026-08-19
2640,723,Interviewed,2026-08-19
2641,723,Dropped,2026-08-19
2642,724,Applied,2026-08-19
2643,724,Screened,2026-08-19
2644,724,Dropped,2026-08-19
2645,725,Applied,2026-08-19
2646,725,Screened,2026-08-19
2647,725,Interviewed,2026-08-19
2648,725,Offered,2026-08-19
2649,725,Hired,2026-08-19
2650,726,Applied,2026-08-19
2651,726,Screened,2026-08-19
2652,726,Interviewed,2026-08-19
2653,726,Offered,2026-08-19
2654,726,Hired,2026-08-19
2655,727,Applied,2026-08-19
2656,727,Screened,2026-08-19
2657,727,Dropped,2026-08-19
2658,728,Applied,2026-08-19
2659,728,Screened,2026-08-19
2660,728,Interviewed,2026-08-19
2661,728,Hired,2026-08-19
2662,729,Applied,2026-08-19
2663,729,Screened,2026-08-19
2664,729,Dropped,2026-08-19
2665,730,Applied,2026-08-19
2666,730,Screened,2026-08-19
2667,730,Dropped,2026-08-19
2668,731,Applied,2026-08-19
2669,731,Screened,2026-08-19
2670,731,Interviewed,2026-08-19
2671,731,Offered,2026-08-19
2672,731,Hired,2026-08-19
2673,732,Applied,2026-08-19
2674,732,Screened,2026-08-19
2675,732,Dropped,2026-08-19
2676,733,Applied,2026-08-19
2677,733,Screened,2026-08-19
2678,733,Interviewed,2026-08-19
2679,733,Hired,2026-08-19
2680,734,Applied,2026-08-19
2681,734,Screened,2026-08-19
2682,734,Interviewed,2026-08-19
2683,734,Offered,2026-08-19
2684,734,Dropped,2026-08-19
2685,735,Applied,2026-08-19
2686,735,Screened,2026-08-19
2687,735,Dropped,2026-08-19
2688,736,Applied,2026-08-19
2689,736,Screened,2026-08-19
2690,736,Dropped,2026-08-19
2691,737,Applied,2026-08-19
2692,737,Screened,2026-08-19
2693,737,Dropped,2026-08-19
2694,738,Applied,2026-08-19
2695,738,Screened,2026-08-19
2696,738,Interviewed,2026-08-19
2697,738,Dropped,2026-08-19
2698,739,Applied,2026-08-19
2699,739,Screened,2026-08-19
2700,739,Interviewed,2026-08-19
2701,739,Offered,2026-08-19
2702,739,Hired,2026-08-19
2703,740,Applied,2026-08-19
2704,740,Screened,2026-08-19
2705,740,Dropped,2026-08-19
2706,741,Applied,2026-08-19
2707,741,Screened,2026-08-19
2708,741,Interviewed,2026-08-19
2709,741,Hired,2026-08-19
2710,742,Applied,2026-08-19
2711,742,Screened,2026-08-19
2712,742,Interviewed,2026-08-19
2713,742,Dropped,2026-08-19
2714,743,Applied,2026-08-19
2715,743,Screened,2026-08-19
2716,743,Interviewed,2026-08-19
2717,743,Offered,2026-08-19
2718,743,Hired,2026-08-19
2719,744,Applied,2026-08-19
2720,744,Screened,2026-08-19
2721,744,Dropped,2026-08-19
2722,745,Applied,2026-08-19
2723,745,Screened,2026-08-19
2724,745,Dropped,2026-08-19
2725,746,Applied,2026-08-19
2726,746,Screened,2026-08-19
2727,746,Interviewed,2026-08-19
2728,746,Hired,2026-08-19
2729,747,Applied,2026-08-19
2730,747,Screened,2026-08-19
2731,747,Interviewed,2026-08-19
2732,747,Offered,2026-08-19
2733,747,Dropped,2026-08-19
2734,748,Applied,2026-08-19
2735,748,Screened,2026-08-19
2736,748,Interviewed,2026-08-19
2737,748,Dropped,2026-08-19
2738,749,Applied,2026-08-19
2739,749,Screened,2026-08-19
2740,749,Interviewed,2026-08-19
2741,749,Dropped,2026-08-19
2742,750,Applied,2026-08-19
2743,750,Screened,2026-08-19
2744,750,Interviewed,2026-08-19
2745,750,Dropped,2026-08-19
2746,751,Applied,2026-08-19
2747,751,Screened,2026-08-19
2748,751,Dropped,2026-08-19
2749,752,Applied,2026-08-19
2750,752,Screened,2026-08-19
2751,752,Dropped,2026-08-19
2752,753,Applied,2026-08-19
2753,753,Screened,2026-08-19
2754,753,Dropped,2026-08-19
2755,754,Applied,2026-08-19
2756,754,Screened,2026-08-19
2757,754,Dropped,2026-08-19
2758,755,Applied,2026-08-19
2759,755,Screened,2026-08-19
2760,755,Interviewed,2026-08-19
2761,755,Offered,2026-08-19
2762,755,Hired,2026-08-19
2763,756,Applied,2026-08-19
2764,756,Screened,2026-08-19
2765,756,Dropped,2026-08-19
2766,757,Applied,2026-08-19
2767,757,Screened,2026-08-19
2768,757,Interviewed,2026-08-19
2769,757,Dropped,2026-08-19
2770,758,Applied,2026-08-19
2771,758,Screened,2026-08-19
2772,758,Dropped,2026-08-19
2773,759,Applied,2026-08-19
2774,759,Screened,2026-08-19
2775,759,Dropped,2026-08-19
2776,760,Applied,2026-08-19
2777,760,Screened,2026-08-19
2778,760,Dropped,2026-08-19
2779,761,Applied,2026-08-19
2780,761,Screened,2026-08-19
2781,761,Interviewed,2026-08-19
2782,761,Offered,2026-08-19
2783,761,Dropped,2026-08-19
2784,762,Applied,2026-08-19
2785,762,Screened,2026-08-19
2786,762,Interviewed,2026-08-19
2787,762,Hired,2026-08-19
2788,763,Applied,2026-08-19
2789,763,Screened,2026-08-19
2790,763,Dropped,2026-08-19
2791,764,Applied,2026-08-19
2792,764,Screened,2026-08-19
2793,764,Dropped,2026-08-19
2794,765,Applied,2026-08-19
2795,765,Screened,2026-08-19
2796,765,Interviewed,2026-08-19
2797,765,Dropped,2026-08-19
2798,766,Applied,2026-08-19
2799,766,Screened,2026-08-19
2800,766,Dropped,2026-08-19
2801,767,Applied,2026-08-19
2802,767,Screened,2026-08-19
2803,767,Interviewed,2026-08-19
2804,767,Dropped,2026-08-19
2805,768,Applied,2026-08-19
2806,768,Screened,2026-08-19
2807,768,Dropped,2026-08-19
2808,769,Applied,2026-08-19
2809,769,Screened,2026-08-19
2810,769,Dropped,2026-08-19
2811,770,Applied,2026-08-19
2812,770,Screened,2026-08-19
2813,770,Interviewed,2026-08-19
2814,770,Dropped,2026-08-19
2815,771,Applied,2026-08-19
2816,771,Screened,2026-08-19
2817,771,Interviewed,2026-08-19
2818,771,Offered,2026-08-19
2819,771,Dropped,2026-08-19
2820,772,Applied,2026-08-19
2821,772,Screened,2026-08-19
2822,772,Interviewed,2026-08-19
2823,772,Offered,2026-08-19
2824,772,Hired,2026-08-19
2825,773,Applied,2026-08-19
2826,773,Screened,2026-08-19
2827,773,Interviewed,2026-08-19
2828,773,Dropped,2026-08-19
2829,774,Applied,2026-08-19
2830,774,Screened,2026-08-19
2831,774,Interviewed,2026-08-19
2832,774,Hired,2026-08-19
2833,775,Applied,2026-08-19
2834,775,Screened,2026-08-19
2835,775,Dropped,2026-08-19
2836,776,Applied,2026-08-19
2837,776,Screened,2026-08-19
2838,776,Interviewed,2026-08-19
2839,776,Hired,2026-08-19
2840,777,Applied,2026-08-19
2841,777,Screened,2026-08-19
2842,777,Dropped,2026-08-19
2843,778,Applied,2026-08-19
2844,778,Screened,2026-08-19
2845,778,Interviewed,2026-08-19
2846,778,Offered,2026-08-19
2847,778,Dropped,2026-08-19
2848,779,Applied,2026-08-19
2849,779,Screened,2026-08-19
2850,779,Interviewed,2026-08-19
2851,779,Offered,2026-08-19
2852,779,Hired,2026-08-19
2853,780,Applied,2026-08-19
2854,780,Screened,2026-08-19
2855,780,Dropped,2026-08-19
2856,781,Applied,2026-08-19
2857,781,Screened,2026-08-19
2858,781,Dropped,2026-08-19
2859,782,Applied,2026-08-19
2860,782,Screened,2026-08-19
2861,782,Interviewed,2026-08-19
2862,782,Dropped,2026-08-19
2863,783,Applied,2026-08-19
2864,783,Screened,2026-08-19
2865,783,Dropped,2026-08-19
2866,784,Applied,2026-08-19
2867,784,Screened,2026-08-19
2868,784,Interviewed,2026-08-19
2869,784,Hired,2026-08-19
2870,785,Applied,2026-08-19
2871,785,Screened,2026-08-19
2872,785,Dropped,2026-08-19
2873,786,Applied,2026-08-19
2874,786,Screened,2026-08-19
2875,786,Dropped,2026-08-19
2876,787,Applied,2026-08-19
2877,787,Screened,2026-08-19
2878,787,Interviewed,2026-08-19
2879,787,Hired,2026-08-19
2880,788,Applied,2026-08-19
2881,788,Screened,2026-08-19
2882,788,Dropped,2026-08-19
2883,789,Applied,2026-08-19
2884,789,Screened,2026-08-19
2885,789,Dropped,2026-08-19
2886,790,Applied,2026-08-19
2887,790,Screened,2026-08-19
2888,790,Dropped,2026-08-19
2889,791,Applied,2026-08-19
2890,791,Screened,2026-08-19
2891,791,Dropped,2026-08-19
2892,792,Applied,2026-08-19
2893,792,Screened,2026-08-19
2894,792,Interviewed,2026-08-19
2895,792,Offered,2026-08-19
2896,792,Dropped,2026-08-19
2897,793,Applied,2026-08-19
2898,793,Screened,2026-08-19
2899,793,Interviewed,2026-08-19
2900,793,Offered,2026-08-19
2901,793,Dropped,2026-08-19
2902,794,Applied,2026-08-19
2903,794,Screened,2026-08-19
2904,794,Dropped,2026-08-19
2905,795,Applied,2026-08-19
2906,795,Screened,2026-08-19
2907,795,Interviewed,2026-08-19
2908,795,Hired,2026-08-19
2909,796,Applied,2026-08-19
2910,796,Screened,2026-08-19
2911,796,Dropped,2026-08-19
2912,797,Applied,2026-08-19
2913,797,Screened,2026-08-19
2914,797,Interviewed,2026-08-19
2915,797,Offered,2026-08-19
2916,797,Hired,2026-08-19
2917,798,Applied,2026-08-19
2918,798,Screened,2026-08-19
2919,798,Interviewed,2026-08-19
2920,798,Hired,2026-08-19
2921,799,Applied,2026-08-19
2922,799,Screened,2026-08-19
2923,799,Interviewed,2026-08-19
2924,799,Hired,2026-08-19
2925,800,Applied,2026-08-19
2926,800,Screened,2026-08-19
2927,800,Dropped,2026-08-19
2928,801,Applied,2026-08-19
2929,801,Screened,2026-08-19
2930,801,Interviewed,2026-08-19
2931,801,Dropped,2026-08-19
2932,802,Applied,2026-08-19
2933,802,Screened,2026-08-19
2934,802,Interviewed,2026-08-19
2935,802,Offered,2026-08-19
2936,802,Hired,2026-08-19
2937,803,Applied,2026-08-19
2938,803,Screened,2026-08-19
2939,803,Interviewed,2026-08-19
2940,803,Offered,2026-08-19
2941,803,Hired,2026-08-19
2942,804,Applied,2026-08-19
2943,804,Screened,2026-08-19
2944,804,Dropped,2026-08-19
2945,805,Applied,2026-08-19
2946,805,Screened,2026-08-19
2947,805,Interviewed,2026-08-19
2948,805,Offered,2026-08-19
2949,805,Dropped,2026-08-19
2950,806,Applied,2026-08-19
2951,806,Screened,2026-08-19
2952,806,Dropped,2026-08-19
2953,807,Applied,2026-08-19
2954,807,Screened,2026-08-19
2955,807,Interviewed,2026-08-19
2956,807,Hired,2026-08-19
2957,808,Applied,2026-08-19
2958,808,Screened,2026-08-19
2959,808,Dropped,2026-08-19
2960,809,Applied,2026-08-19
2961,809,Screened,2026-08-19
2962,809,Dropped,2026-08-19
2963,810,Applied,2026-08-19
2964,810,Screened,2026-08-19
2965,810,Dropped,2026-08-19
2966,811,Applied,2026-08-19
2967,811,Screened,2026-08-19
2968,811,Dropped,2026-08-19
2969,812,Applied,2026-08-19
2970,812,Screened,2026-08-19
2971,812,Interviewed,2026-08-19
2972,812,Hired,2026-08-19
2973,813,Applied,2026-08-19
2974,813,Screened,2026-08-19
2975,813,Interviewed,2026-08-19
2976,813,Hired,2026-08-19
2977,814,Applied,2026-08-19
2978,814,Screened,2026-08-19
2979,814,Interviewed,2026-08-19
2980,814,Hired,2026-08-19
2981,815,Applied,2026-08-19
2982,815,Screened,2026-08-19
2983,815,Dropped,2026-08-19
2984,816,Applied,2026-08-19
2985,816,Screened,2026-08-19
2986,816,Interviewed,2026-08-19
2987,816,Dropped,2026-08-19
2988,817,Applied,2026-08-19
2989,817,Screened,2026-08-19
2990,817,Dropped,2026-08-19
2991,818,Applied,2026-08-19
2992,818,Screened,2026-08-19
2993,818,Dropped,2026-08-19
2994,819,Applied,2026-08-19
2995,819,Screened,2026-08-19
2996,819,Dropped,2026-08-19
2997,820,Applied,2026-08-19
2998,820,Screened,2026-08-19
2999,820,Dropped,2026-08-19
3000,821,Applied,2026-08-19
3001,821,Screened,2026-08-19
3002,821,Interviewed,2026-08-19
3003,821,Offered,2026-08-19
3004,821,Hired,2026-08-19
3005,822,Applied,2026-08-19
3006,822,Screened,2026-08-19
3007,822,Interviewed,2026-08-19
3008,822,Dropped,2026-08-19
3009,823,Applied,2026-08-19
3010,823,Screened,2026-08-19
3011,823,Interviewed,2026-08-19
3012,823,Dropped,2026-08-19
3013,824,Applied,2026-08-19
3014,824,Screened,2026-08-19
3015,824,Interviewed,2026-08-19
3016,824,Hired,2026-08-19
3017,825,Applied,2026-08-19
3018,825,Screened,2026-08-19
3019,825,Dropped,2026-08-19
3020,826,Applied,2026-08-19
3021,826,Screened,2026-08-19
3022,826,Dropped,2026-08-19
3023,827,Applied,2026-08-19
3024,827,Screened,2026-08-19
3025,827,Dropped,2026-08-19
3026,828,Applied,2026-08-19
3027,828,Screened,2026-08-19
3028,828,Dropped,2026-08-19
3029,829,Applied,2026-08-19
3030,829,Screened,2026-08-19
3031,829,Dropped,2026-08-19
3032,830,Applied,2026-08-19
3033,830,Screened,2026-08-19
3034,830,Dropped,2026-08-19
3035,831,Applied,2026-08-19
3036,831,Screened,2026-08-19
3037,831,Dropped,2026-08-19
3038,832,Applied,2026-08-19
3039,832,Screened,2026-08-19
3040,832,Dropped,2026-08-19
3041,833,Applied,2026-08-19
3042,833,Screened,2026-08-19
3043,833,Interviewed,2026-08-19
3044,833,Dropped,2026-08-19
3045,834,Applied,2026-08-19
3046,834,Screened,2026-08-19
3047,834,Dropped,2026-08-19
3048,835,Applied,2026-08-19
3049,835,Screened,2026-08-19
3050,835,Dropped,2026-08-19
3051,836,Applied,2026-08-19
3052,836,Screened,2026-08-19
3053,836,Dropped,2026-08-19
3054,837,Applied,2026-08-19
3055,837,Screened,2026-08-19
3056,837,Interviewed,2026-08-19
3057,837,Dropped,2026-08-19
3058,838,Applied,2026-08-19
3059,838,Screened,2026-08-19
3060,838,Interviewed,2026-08-19
3061,838,Dropped,2026-08-19
3062,839,Applied,2026-08-19
3063,839,Screened,2026-08-19
3064,839,Dropped,2026-08-19
3065,840,Applied,2026-08-19
3066,840,Screened,2026-08-19
3067,840,Dropped,2026-08-19
3068,841,Applied,2026-08-19
3069,841,Screened,2026-08-19
3070,841,Dropped,2026-08-19
3071,842,Applied,2026-08-19
3072,842,Screened,2026-08-19
3073,842,Dropped,2026-08-19
3074,843,Applied,2026-08-19
3075,843,Screened,2026-08-19
3076,843,Dropped,2026-08-19
3077,844,Applied,2026-08-19
3078,844,Screened,2026-08-19
3079,844,Interviewed,2026-08-19
3080,844,Offered,2026-08-19
3081,844,Hired,2026-08-19
3082,845,Applied,2026-08-19
3083,845,Screened,2026-08-19
3084,845,Dropped,2026-08-19
3085,846,Applied,2026-08-19
3086,846,Screened,2026-08-19
3087,846,Interviewed,2026-08-19
3088,846,Hired,2026-08-19
3089,847,Applied,2026-08-19
3090,847,Screened,2026-08-19
3091,847,Dropped,2026-08-19
3092,848,Applied,2026-08-19
3093,848,Screened,2026-08-19
3094,848,Interviewed,2026-08-19
3095,848,Offered,2026-08-19
3096,848,Hired,2026-08-19
3097,849,Applied,2026-08-19
3098,849,Screened,2026-08-19
3099,849,Dropped,2026-08-19
3100,850,Applied,2026-08-19
3101,850,Screened,2026-08-19
3102,850,Interviewed,2026-08-19
3103,850,Hired,2026-08-19
3104,851,Applied,2026-08-19
3105,851,Screened,2026-08-19
3106,851,Dropped,2026-08-19
3107,852,Applied,2026-08-19
3108,852,Screened,2026-08-19
3109,852,Dropped,2026-08-19
3110,853,Applied,2026-08-19
3111,853,Screened,2026-08-19
3112,853,Dropped,2026-08-19
3113,854,Applied,2026-08-19
3114,854,Screened,2026-08-19
3115,854,Dropped,2026-08-19
3116,855,Applied,2026-08-19
3117,855,Screened,2026-08-19
3118,855,Dropped,2026-08-19
3119,856,Applied,2026-08-19
3120,856,Screened,2026-08-19
3121,856,Interviewed,2026-08-19
3122,856,Dropped,2026-08-19
3123,857,Applied,2026-08-19
3124,857,Screened,2026-08-19
3125,857,Interviewed,2026-08-19
3126,857,Offered,2026-08-19
3127,857,Dropped,2026-08-19
3128,858,Applied,2026-08-19
3129,858,Screened,2026-08-19
3130,858,Interviewed,2026-08-19
3131,858,Dropped,2026-08-19
3132,859,Applied,2026-08-19
3133,859,Screened,2026-08-19
3134,859,Interviewed,2026-08-19
3135,859,Offered,2026-08-19
3136,859,Hired,2026-08-19
3137,860,Applied,2026-08-19
3138,860,Screened,2026-08-19
3139,860,Dropped,2026-08-19
3140,861,Applied,2026-08-19
3141,861,Screened,2026-08-19
3142,861,Interviewed,2026-08-19
3143,861,Hired,2026-08-19
3144,862,Applied,2026-08-19
3145,862,Screened,2026-08-19
3146,862,Interviewed,2026-08-19
3147,862,Offered,2026-08-19
3148,862,Dropped,2026-08-19
3149,863,Applied,2026-08-19
3150,863,Screened,2026-08-19
3151,863,Interviewed,2026-08-19
3152,863,Offered,2026-08-19
3153,863,Hired,2026-08-19
3154,864,Applied,2026-08-19
3155,864,Screened,2026-08-19
3156,864,Dropped,2026-08-19
3157,865,Applied,2026-08-19
3158,865,Screened,2026-08-19
3159,865,Interviewed,2026-08-19
3160,865,Dropped,2026-08-19
3161,866,Applied,2026-08-19
3162,866,Screened,2026-08-19
3163,866,Interviewed,2026-08-19
3164,866,Dropped,2026-08-19
3165,867,Applied,2026-08-19
3166,867,Screened,2026-08-19
3167,867,Dropped,2026-08-19
3168,868,Applied,2026-08-19
3169,868,Screened,2026-08-19
3170,868,Interviewed,2026-08-19
3171,868,Dropped,2026-08-19
3172,869,Applied,2026-08-19
3173,869,Screened,2026-08-19
3174,869,Dropped,2026-08-19
3175,870,Applied,2026-08-19
3176,870,Screened,2026-08-19
3177,870,Dropped,2026-08-19
3178,871,Applied,2026-08-19
3179,871,Screened,2026-08-19
3180,871,Dropped,2026-08-19
3181,872,Applied,2026-08-19
3182,872,Screened,2026-08-19
3183,872,Dropped,2026-08-19
3184,873,Applied,2026-08-19
3185,873,Screened,2026-08-19
3186,873,Interviewed,2026-08-19
3187,873,Hired,2026-08-19
3188,874,Applied,2026-08-19
3189,874,Screened,2026-08-19
3190,874,Dropped,2026-08-19
3191,875,Applied,2026-08-19
3192,875,Screened,2026-08-19
3193,875,Dropped,2026-08-19
3194,876,Applied,2026-08-19
3195,876,Screened,2026-08-19
3196,876,Dropped,2026-08-19
3197,877,Applied,2026-08-19
3198,877,Screened,2026-08-19
3199,877,Dropped,2026-08-19
3200,878,Applied,2026-08-19
3201,878,Screened,2026-08-19
3202,878,Interviewed,2026-08-19
3203,878,Hired,2026-08-19
3204,879,Applied,2026-08-19
3205,879,Screened,2026-08-19
3206,879,Dropped,2026-08-19
3207,880,Applied,2026-08-19
3208,880,Screened,2026-08-19
3209,880,Dropped,2026-08-19
3210,881,Applied,2026-08-19
3211,881,Screened,2026-08-19
3212,881,Dropped,2026-08-19
3213,882,Applied,2026-08-19
3214,882,Screened,2026-08-19
3215,882,Dropped,2026-08-19
3216,883,Applied,2026-08-19
3217,883,Screened,2026-08-19
3218,883,Interviewed,2026-08-19
3219,883,Dropped,2026-08-19
3220,884,Applied,2026-08-19
3221,884,Screened,2026-08-19
3222,884,Interviewed,2026-08-19
3223,884,Hired,2026-08-19
3224,885,Applied,2026-08-19
3225,885,Screened,2026-08-19
3226,885,Interviewed,2026-08-19
3227,885,Dropped,2026-08-19
3228,886,Applied,2026-08-19
3229,886,Screened,2026-08-19
3230,886,Dropped,2026-08-19
3231,887,Applied,2026-08-19
3232,887,Screened,2026-08-19
3233,887,Interviewed,2026-08-19
3234,887,Hired,2026-08-19
3235,888,Applied,2026-08-19
3236,888,Screened,2026-08-19
3237,888,Interviewed,2026-08-19
3238,888,Offered,2026-08-19
3239,888,Dropped,2026-08-19
3240,889,Applied,2026-08-19
3241,889,Screened,2026-08-19
3242,889,Interviewed,2026-08-19
3243,889,Hired,2026-08-19
3244,890,Applied,2026-08-19
3245,890,Screened,2026-08-19
3246,890,Interviewed,2026-08-19
3247,890,Dropped,2026-08-19
3248,891,Applied,2026-08-19
3249,891,Screened,2026-08-19
3250,891,Dropped,2026-08-19
3251,892,Applied,2026-08-19
3252,892,Screened,2026-08-19
3253,892,Interviewed,2026-08-19
3254,892,Offered,2026-08-19
3255,892,Hired,2026-08-19
3256,893,Applied,2026-08-19
3257,893,Screened,2026-08-19
3258,893,Dropped,2026-08-19
3259,894,Applied,2026-08-19
3260,894,Screened,2026-08-19
3261,894,Interviewed,2026-08-19
3262,894,Dropped,2026-08-19
3263,895,Applied,2026-08-19
3264,895,Screened,2026-08-19
3265,895,Dropped,2026-08-19
3266,896,Applied,2026-08-19
3267,896,Screened,2026-08-19
3268,896,Dropped,2026-08-19
3269,897,Applied,2026-08-19
3270,897,Screened,2026-08-19
3271,897,Dropped,2026-08-19
3272,898,Applied,2026-08-19
3273,898,Screened,2026-08-19
3274,898,Interviewed,2026-08-19
3275,898,Offered,2026-08-19
3276,898,Dropped,2026-08-19
3277,899,Applied,2026-08-19
3278,899,Screened,2026-08-19
3279,899,Dropped,2026-08-19
3280,900,Applied,2026-08-19
3281,900,Screened,2026-08-19
3282,900,Interviewed,2026-08-19
3283,900,Dropped,2026-08-19
3284,901,Applied,2026-08-19
3285,901,Screened,2026-08-19
3286,901,Dropped,2026-08-19
3287,902,Applied,2026-08-19
3288,902,Screened,2026-08-19
3289,902,Interviewed,2026-08-19
3290,902,Offered,2026-08-19
3291,902,Hired,2026-08-19
3292,903,Applied,2026-08-19
3293,903,Screened,2026-08-19
3294,903,Interviewed,2026-08-19
3295,903,Hired,2026-08-19
3296,904,Applied,2026-08-19
3297,904,Screened,2026-08-19
3298,904,Interviewed,2026-08-19
3299,904,Dropped,2026-08-19
3300,905,Applied,2026-08-19
3301,905,Screened,2026-08-19
3302,905,Interviewed,2026-08-19
3303,905,Offered,2026-08-19
3304,905,Dropped,2026-08-19
3305,906,Applied,2026-08-19
3306,906,Screened,2026-08-19
3307,906,Interviewed,2026-08-19
3308,906,Hired,2026-08-19
3309,907,Applied,2026-08-19
3310,907,Screened,2026-08-19
3311,907,Dropped,2026-08-19
3312,908,Applied,2026-08-19
3313,908,Screened,2026-08-19
3314,908,Interviewed,2026-08-19
3315,908,Dropped,2026-08-19
3316,909,Applied,2026-08-19
3317,909,Screened,2026-08-19
3318,909,Dropped,2026-08-19
3319,910,Applied,2026-08-19
3320,910,Screened,2026-08-19
3321,910,Interviewed,2026-08-19
3322,910,Hired,2026-08-19
3323,911,Applied,2026-08-19
3324,911,Screened,2026-08-19
3325,911,Interviewed,2026-08-19
3326,911,Offered,2026-08-19
3327,911,Hired,2026-08-19
3328,912,Applied,2026-08-19
3329,912,Screened,2026-08-19
3330,912,Interviewed,2026-08-19
3331,912,Dropped,2026-08-19
3332,913,Applied,2026-08-19
3333,913,Screened,2026-08-19
3334,913,Interviewed,2026-08-19
3335,913,Dropped,2026-08-19
3336,914,Applied,2026-08-19
3337,914,Screened,2026-08-19
3338,914,Interviewed,2026-08-19
3339,914,Hired,2026-08-19
3340,915,Applied,2026-08-19
3341,915,Screened,2026-08-19
3342,915,Interviewed,2026-08-19
3343,915,Dropped,2026-08-19
3344,916,Applied,2026-08-19
3345,916,Screened,2026-08-19
3346,916,Dropped,2026-08-19
3347,917,Applied,2026-08-19
3348,917,Screened,2026-08-19
3349,917,Dropped,2026-08-19
3350,918,Applied,2026-08-19
3351,918,Screened,2026-08-19
3352,918,Dropped,2026-08-19
3353,919,Applied,2026-08-19
3354,919,Screened,2026-08-19
3355,919,Interviewed,2026-08-19
3356,919,Offered,2026-08-19
3357,919,Hired,2026-08-19
3358,920,Applied,2026-08-19
3359,920,Screened,2026-08-19
3360,920,Interviewed,2026-08-19
3361,920,Dropped,2026-08-19
3362,921,Applied,2026-08-19
3363,921,Screened,2026-08-19
3364,921,Interviewed,2026-08-19
3365,921,Offered,2026-08-19
3366,921,Hired,2026-08-19
3367,922,Applied,2026-08-19
3368,922,Screened,2026-08-19
3369,922,Interviewed,2026-08-19
3370,922,Dropped,2026-08-19
3371,923,Applied,2026-08-19
3372,923,Screened,2026-08-19
3373,923,Interviewed,2026-08-19
3374,923,Dropped,2026-08-19
3375,924,Applied,2026-08-19
3376,924,Screened,2026-08-19
3377,924,Interviewed,2026-08-19
3378,924,Offered,2026-08-19
3379,924,Hired,2026-08-19
3380,925,Applied,2026-08-19
3381,925,Screened,2026-08-19
3382,925,Dropped,2026-08-19
3383,926,Applied,2026-08-19
3384,926,Screened,2026-08-19
3385,926,Dropped,2026-08-19
3386,927,Applied,2026-08-19
3387,927,Screened,2026-08-19
3388,927,Interviewed,2026-08-19
3389,927,Hired,2026-08-19
3390,928,Applied,2026-08-19
3391,928,Screened,2026-08-19
3392,928,Interviewed,2026-08-19
3393,928,Dropped,2026-08-19
3394,929,Applied,2026-08-19
3395,929,Screened,2026-08-19
3396,929,Interviewed,2026-08-19
3397,929,Offered,2026-08-19
3398,929,Hired,2026-08-19
3399,930,Applied,2026-08-19
3400,930,Screened,2026-08-19
3401,930,Dropped,2026-08-19
3402,931,Applied,2026-08-19
3403,931,Screened,2026-08-19
3404,931,Interviewed,2026-08-19
3405,931,Hired,2026-08-19
3406,932,Applied,2026-08-19
3407,932,Screened,2026-08-19
3408,932,Interviewed,2026-08-19
3409,932,Offered,2026-08-19
3410,932,Hired,2026-08-19
3411,933,Applied,2026-08-19
3412,933,Screened,2026-08-19
3413,933,Dropped,2026-08-19
3414,934,Applied,2026-08-19
3415,934,Screened,2026-08-19
3416,934,Interviewed,2026-08-19
3417,934,Hired,2026-08-19
3418,935,Applied,2026-08-19
3419,935,Screened,2026-08-19
3420,935,Interviewed,2026-08-19
3421,935,Hired,2026-08-19
3422,936,Applied,2026-08-19
3423,936,Screened,2026-08-19
3424,936,Dropped,2026-08-19
3425,937,Applied,2026-08-19
3426,937,Screened,2026-08-19
3427,937,Dropped,2026-08-19
3428,938,Applied,2026-08-19
3429,938,Screened,2026-08-19
3430,938,Dropped,2026-08-19
3431,939,Applied,2026-08-19
3432,939,Screened,2026-08-19
3433,939,Interviewed,2026-08-19
3434,939,Offered,2026-08-19
3435,939,Hired,2026-08-19
3436,940,Applied,2026-08-19
3437,940,Screened,2026-08-19
3438,940,Interviewed,2026-08-19
3439,940,Offered,2026-08-19
3440,940,Hired,2026-08-19
3441,941,Applied,2026-08-19
3442,941,Screened,2026-08-19
3443,941,Interviewed,2026-08-19
3444,941,Dropped,2026-08-19
3445,942,Applied,2026-08-19
3446,942,Screened,2026-08-19
3447,942,Dropped,2026-08-19
3448,943,Applied,2026-08-19
3449,943,Screened,2026-08-19
3450,943,Dropped,2026-08-19
3451,944,Applied,2026-08-19
3452,944,Screened,2026-08-19
3453,944,Interviewed,2026-08-19
3454,944,Dropped,2026-08-19
3455,945,Applied,2026-08-19
3456,945,Screened,2026-08-19
3457,945,Dropped,2026-08-19
3458,946,Applied,2026-08-19
3459,946,Screened,2026-08-19
3460,946,Dropped,2026-08-19
3461,947,Applied,2026-08-19
3462,947,Screened,2026-08-19
3463,947,Dropped,2026-08-19
3464,948,Applied,2026-08-19
3465,948,Screened,2026-08-19
3466,948,Interviewed,2026-08-19
3467,948,Offered,2026-08-19
3468,948,Dropped,2026-08-19
3469,949,Applied,2026-08-19
3470,949,Screened,2026-08-19
3471,949,Interviewed,2026-08-19
3472,949,Hired,2026-08-19
3473,950,Applied,2026-08-19
3474,950,Screened,2026-08-19
3475,950,Dropped,2026-08-19
3476,951,Applied,2026-08-19
3477,951,Screened,2026-08-19
3478,951,Interviewed,2026-08-19
3479,951,Dropped,2026-08-19
3480,952,Applied,2026-08-19
3481,952,Screened,2026-08-19
3482,952,Dropped,2026-08-19
3483,953,Applied,2026-08-19
3484,953,Screened,2026-08-19
3485,953,Interviewed,2026-08-19
3486,953,Dropped,2026-08-19
3487,954,Applied,2026-08-19
3488,954,Screened,2026-08-19
3489,954,Interviewed,2026-08-19
3490,954,Offered,2026-08-19
3491,954,Hired,2026-08-19
3492,955,Applied,2026-08-19
3493,955,Screened,2026-08-19
3494,955,Interviewed,2026-08-19
3495,955,Offered,2026-08-19
3496,955,Dropped,2026-08-19
3497,956,Applied,2026-08-19
3498,956,Screened,2026-08-19
3499,956,Dropped,2026-08-19
3500,957,Applied,2026-08-19
3501,957,Screened,2026-08-19
3502,957,Interviewed,2026-08-19
3503,957,Dropped,2026-08-19
3504,958,Applied,2026-08-19
3505,958,Screened,2026-08-19
3506,958,Dropped,2026-08-19
3507,959,Applied,2026-08-19
3508,959,Screened,2026-08-19
3509,959,Interviewed,2026-08-19
3510,959,Dropped,2026-08-19
3511,960,Applied,2026-08-19
3512,960,Screened,2026-08-19
3513,960,Interviewed,2026-08-19
3514,960,Dropped,2026-08-19
3515,961,Applied,2026-08-19
3516,961,Screened,2026-08-19
3517,961,Dropped,2026-08-19
3518,962,Applied,2026-08-19
3519,962,Screened,2026-08-19
3520,962,Interviewed,2026-08-19
3521,962,Hired,2026-08-19
3522,963,Applied,2026-08-19
3523,963,Screened,2026-08-19
3524,963,Dropped,2026-08-19
3525,964,Applied,2026-08-19
3526,964,Screened,2026-08-19
3527,964,Interviewed,2026-08-19
3528,964,Offered,2026-08-19
3529,964,Dropped,2026-08-19
3530,965,Applied,2026-08-19
3531,965,Screened,2026-08-19
3532,965,Interviewed,2026-08-19
3533,965,Offered,2026-08-19
3534,965,Hired,2026-08-19
3535,966,Applied,2026-08-19
3536,966,Screened,2026-08-19
3537,966,Interviewed,2026-08-19
3538,966,Hired,2026-08-19
3539,967,Applied,2026-08-19
3540,967,Screened,2026-08-19
3541,967,Dropped,2026-08-19
3542,968,Applied,2026-08-19
3543,968,Screened,2026-08-19
3544,968,Interviewed,2026-08-19
3545,968,Hired,2026-08-19
3546,969,Applied,2026-08-19
3547,969,Screened,2026-08-19
3548,969,Dropped,2026-08-19
3549,970,Applied,2026-08-19
3550,970,Screened,2026-08-19
3551,970,Interviewed,2026-08-19
3552,970,Hired,2026-08-19
3553,971,Applied,2026-08-19
3554,971,Screened,2026-08-19
3555,971,Interviewed,2026-08-19
3556,971,Dropped,2026-08-19
3557,972,Applied,2026-08-19
3558,972,Screened,2026-08-19
3559,972,Dropped,2026-08-19
3560,973,Applied,2026-08-19
3561,973,Screened,2026-08-19
3562,973,Dropped,2026-08-19
3563,974,Applied,2026-08-19
3564,974,Screened,2026-08-19
3565,974,Dropped,2026-08-19
3566,975,Applied,2026-08-19
3567,975,Screened,2026-08-19
3568,975,Dropped,2026-08-19
3569,976,Applied,2026-08-19
3570,976,Screened,2026-08-19
3571,976,Interviewed,2026-08-19
3572,976,Hired,2026-08-19
3573,977,Applied,2026-08-19
3574,977,Screened,2026-08-19
3575,977,Dropped,2026-08-19
3576,978,Applied,2026-08-19
3577,978,Screened,2026-08-19
3578,978,Dropped,2026-08-19
3579,979,Applied,2026-08-19
3580,979,Screened,2026-08-19
3581,979,Dropped,2026-08-19
3582,980,Applied,2026-08-19
3583,980,Screened,2026-08-19
3584,980,Interviewed,2026-08-19
3585,980,Hired,2026-08-19
3586,981,Applied,2026-08-19
3587,981,Screened,2026-08-19
3588,981,Dropped,2026-08-19
3589,982,Applied,2026-08-19
3590,982,Screened,2026-08-19
3591,982,Interviewed,2026-08-19
3592,982,Hired,2026-08-19
3593,983,Applied,2026-08-19
3594,983,Screened,2026-08-19
3595,983,Dropped,2026-08-19
3596,984,Applied,2026-08-19
3597,984,Screened,2026-08-19
3598,984,Interviewed,2026-08-19
3599,984,Dropped,2026-08-19
3600,985,Applied,2026-08-19
3601,985,Screened,2026-08-19
3602,985,Dropped,2026-08-19
3603,986,Applied,2026-08-19
3604,986,Screened,2026-08-19
3605,986,Dropped,2026-08-19
3606,987,Applied,2026-08-19
3607,987,Screened,2026-08-19
3608,987,Dropped,2026-08-19
3609,988,Applied,2026-08-19
3610,988,Screened,2026-08-19
3611,988,Dropped,2026-08-19
3612,989,Applied,2026-08-19
3613,989,Screened,2026-08-19
3614,989,Dropped,2026-08-19
3615,990,Applied,2026-08-19
3616,990,Screened,2026-08-19
3617,990,Interviewed,2026-08-19
3618,990,Offered,2026-08-19
3619,990,Dropped,2026-08-19
3620,991,Applied,2026-08-19
3621,991,Screened,2026-08-19
3622,991,Dropped,2026-08-19
3623,992,Applied,2026-08-19
3624,992,Screened,2026-08-19
3625,992,Dropped,2026-08-19
3626,993,Applied,2026-08-19
3627,993,Screened,2026-08-19
3628,993,Interviewed,2026-08-19
3629,993,Dropped,2026-08-19
3630,994,Applied,2026-08-19
3631,994,Screened,2026-08-19
3632,994,Dropped,2026-08-19
3633,995,Applied,2026-08-19
3634,995,Screened,2026-08-19
3635,995,Dropped,2026-08-19
3636,996,Applied,2026-08-19
3637,996,Screened,2026-08-19
3638,996,Interviewed,2026-08-19
3639,996,Offered,2026-08-19
3640,996,Dropped,2026-08-19
3641,997,Applied,2026-08-19
3642,997,Screened,2026-08-19
3643,997,Interviewed,2026-08-19
3644,997,Dropped,2026-08-19
3645,998,Applied,2026-08-19
3646,998,Screened,2026-08-19
3647,998,Dropped,2026-08-19
3648,999,Applied,2026-08-19
3649,999,Screened,2026-08-19
3650,999,Dropped,2026-08-19
3651,1000,Applied,2026-08-19
3652,1000,Screened,2026-08-19
3653,1000,Interviewed,2026-08-19
3654,1000,Dropped,2026-08-19
